nct_id,flow_id,flow_title,exact_match_count,protocol_label,protocol_type,trial_bijection,period_count
NCT00056472,FG000,Sertraline Plus Olanzapine,0,,,False,1
NCT00056472,FG001,Olanzapine Plus Placebo,1,olanzapine plus placebo,PLACEBO_COMPARATOR,False,1
NCT00086307,FG000,Pramipexole,1,Pramipexole,ACTIVE_COMPARATOR,True,1
NCT00086307,FG001,Escitalopram,1,Escitalopram,ACTIVE_COMPARATOR,True,1
NCT00086307,FG002,Escitalopram and Pramipexole,1,Escitalopram and Pramipexole,EXPERIMENTAL,True,1
NCT00105196,FG000,Aripiprazole + ADT,0,,,False,1
NCT00105196,FG001,Placebo + ADT,0,,,False,1
NCT00105989,FG000,Duloxetine,0,,,False,3
NCT00105989,FG001,Placebo,0,,,False,3
NCT00107120,FG000,Escitalopram,1,Escitalopram,EXPERIMENTAL,False,1
NCT00107120,FG001,Placebo,0,,,False,1
NCT00149643,FG000,Fluoxetine,1,Fluoxetine,ACTIVE_COMPARATOR,True,1
NCT00149643,FG001,Placebo,1,Placebo,PLACEBO_COMPARATOR,True,1
NCT00149825,FG000,MED+CBTI,1,MED+CBTI,EXPERIMENTAL,True,1
NCT00149825,FG001,MED+CTRL,1,MED+CTRL,ACTIVE_COMPARATOR,True,1
NCT00166296,FG000,Escitalopram,1,Escitalopram,EXPERIMENTAL,False,1
NCT00166296,FG001,Placebo,0,,,False,1
NCT00361374,FG000,Eicosapentaenoic Acid (EPA),0,,,False,1
NCT00361374,FG001,Docosahexaenoic Acid (DHA),0,,,False,1
NCT00361374,FG002,Placebo,1,Placebo,PLACEBO_COMPARATOR,False,1
NCT00369343,FG000,Desvenlafaxine Succinate Sustained-Release (DVS SR),0,,,False,2
NCT00369343,FG001,Placebo,0,,,False,2
NCT00384033,FG000,Placebo,1,Placebo,PLACEBO_COMPARATOR,False,1
NCT00384033,FG001,DVS SR 50 mg,0,,,False,1
NCT00384033,FG002,DVS SR 100 mg,0,,,False,1
NCT00384033,FG003,Duloxetine 60 mg,0,,,False,1
NCT00388973,FG000,Quetiapine XR,0,,,False,1
NCT00388973,FG001,Placebo,0,,,False,1
NCT00420004,FG000,LY2216684,1,LY2216684,EXPERIMENTAL,True,1
NCT00420004,FG001,Placebo,1,Placebo,PLACEBO_COMPARATOR,True,1
NCT00420004,FG002,Escitalopram,1,Escitalopram,ACTIVE_COMPARATOR,True,1
NCT00445679,FG000,DVS SR 50,0,,,False,1
NCT00445679,FG001,DVS SR 100,0,,,False,1
NCT00445679,FG002,DVS SR 200,0,,,False,1
NCT00445679,FG003,Paroxetine 20,0,,,False,1
NCT00497874,FG000,Intervention,0,,,False,1
NCT00497874,FG001,Usual Care,1,Usual care,NO_INTERVENTION,False,1
NCT00511810,FG000,High Dose Fish Oil,1,High Dose Fish Oil,EXPERIMENTAL,True,1
NCT00511810,FG001,Low Dose Fish Oil,1,Low Dose Fish Oil,EXPERIMENTAL,True,1
NCT00521352,FG000,Active,0,,,False,1
NCT00521352,FG001,Sham,0,,,False,1
NCT00555997,FG000,Phase 1 Ziprasidone,0,,,False,2
NCT00555997,FG001,Phase 1 Placebo,0,,,False,2
NCT00555997,FG002,Phase 2 Ziprasidone,0,,,False,2
NCT00555997,FG003,Phase 2 Placebo,0,,,False,2
NCT00578669,FG000,Sequential Fluoxetine,0,,,False,1
NCT00578669,FG001,Sequential Placebo,0,,,False,1
NCT00596817,FG000,Placebo,1,Placebo,PLACEBO_COMPARATOR,True,3
NCT00596817,FG001,Vortioxetine: 5 or 10 mg,1,Vortioxetine: 5 or 10 mg,EXPERIMENTAL,True,3
NCT00612807,FG000,Semi-weekly Medication Management,0,,,False,1
NCT00612807,FG001,Semi-weekly Medication Management + Weekly Marital Therapy,0,,,False,1
NCT00633399,FG000,Ziprasidone + Escitalopram,0,,,False,1
NCT00633399,FG001,Placebo + Escitalopram,0,,,False,1
NCT00635219,FG000,Placebo,1,Placebo,PLACEBO_COMPARATOR,False,1
NCT00635219,FG001,Vortioxetine 2.5 mg,0,,,False,1
NCT00635219,FG002,Vortioxetine 5 mg,0,,,False,1
NCT00635219,FG003,Vortioxetine 10 mg,0,,,False,1
NCT00635219,FG004,Duloxetine 60 mg,0,,,False,1
NCT00668525,FG000,Escitalopram Low Dose,0,,,False,1
NCT00668525,FG001,Escitalopram High Dose,0,,,False,1
NCT00668525,FG002,Placebo,0,,,False,1
NCT00672620,FG000,Placebo,1,Placebo,PLACEBO_COMPARATOR,True,1
NCT00672620,FG001,Vortioxetine 2.5 mg,1,Vortioxetine 2.5 mg,EXPERIMENTAL,True,1
NCT00672620,FG002,Vortioxetine 5 mg,1,Vortioxetine 5 mg,EXPERIMENTAL,True,1
NCT00672620,FG003,Duloxetine 60 mg,1,Duloxetine 60 mg,ACTIVE_COMPARATOR,True,1
NCT00672958,FG000,Placebo,1,Placebo,PLACEBO_COMPARATOR,True,1
NCT00672958,FG001,Vortioxetine,1,Vortioxetine,EXPERIMENTAL,True,1
NCT00683592,FG000,Vilazodone,0,,,False,1
NCT00683592,FG001,Placebo,0,,,False,1
NCT00683852,FG000,ADAPT Drug/Drug Group,0,,,False,2
NCT00683852,FG001,ADAPT Placebo/Placebo Group,0,,,False,2
NCT00683852,FG002,ADAPT Placebo/Drug Group,0,,,False,2
NCT00705003,FG000,BCI-024 and BCI-049 (Buspirone and Melatonin),0,,,False,2
NCT00705003,FG001,BCI-024 (Buspirone),1,BCI-024 (Buspirone),ACTIVE_COMPARATOR,False,2
NCT00705003,FG002,Placebo,0,,,False,2
NCT00733980,FG000,GSK561679,0,,,False,1
NCT00733980,FG001,Placebo,0,,,False,1
NCT00735709,FG000,Placebo,1,Placebo,PLACEBO_COMPARATOR,True,1
NCT00735709,FG001,Vortioxetine 1 mg,1,Vortioxetine 1 mg,EXPERIMENTAL,True,1
NCT00735709,FG002,Vortioxetine 5 mg,1,Vortioxetine 5 mg,EXPERIMENTAL,True,1
NCT00735709,FG003,Vortioxetine 10 mg,1,Vortioxetine 10 mg,EXPERIMENTAL,True,1
NCT00739908,FG000,Oral CX157 60 mg TID (Total Daily Dose of 180 mg),0,,,False,1
NCT00739908,FG001,Oral Placebo TID,0,,,False,1
NCT00742573,FG000,1 Texas Medication Algorithm,1,1 Texas Medication Algorithm,ACTIVE_COMPARATOR,True,1
NCT00742573,FG001,2 Patient Choice,1,2 Patient Choice,EXPERIMENTAL,True,1
NCT00759395,FG000,AZD2327,1,AZD2327,EXPERIMENTAL,True,1
NCT00759395,FG001,Placebo,1,Placebo,PLACEBO_COMPARATOR,True,1
NCT00768430,FG000,Ketamine,0,,,False,2
NCT00768430,FG001,Midazolam,0,,,False,2
NCT00775203,FG000,Trazodone Contramid OAD,0,,,False,1
NCT00775203,FG001,Placebo,1,Placebo,PLACEBO_COMPARATOR,False,1
NCT00789854,FG000,Quetiapine XR Mono,0,,,False,1
NCT00789854,FG001,Add-on Quetiapine XR,0,,,False,1
NCT00789854,FG002,Add-on Lithium,0,,,False,1
NCT00795821,FG000,LY2216684,1,LY2216684,EXPERIMENTAL,True,3
NCT00795821,FG001,Placebo,1,Placebo,PLACEBO_COMPARATOR,True,3
NCT00797966,FG000,OPC-34712 0.15 mg Fixed Dose,0,,,False,3
NCT00797966,FG001,OPC-34712 0.5 ± 0.25 mg Low Dose,0,,,False,3
NCT00797966,FG002,OPC-34712 1.5 ± 0.5 mg High Dose,0,,,False,3
NCT00797966,FG003,Placebo,0,,,False,3
NCT00797966,FG004,Participants in Phase A,0,,,False,3
NCT00797966,FG005,Participants in Phase A+,0,,,False,3
NCT00798707,FG000,Placebo,1,Placebo,PLACEBO_COMPARATOR,False,1
NCT00798707,FG001,DVS SR 25 mg,0,,,False,1
NCT00798707,FG002,DVS SR 50 mg,0,,,False,1
NCT00807248,FG000,"Placebo (Orally, Once Daily)",0,,,False,1
NCT00807248,FG001,"Escitalopram 20 mg and Placebo (Orally, Once Daily)",0,,,False,1
NCT00807248,FG002,"Escitalopram 20 mg and Gaboxadol 5 mg (Orally, Once Daily)",0,,,False,1
NCT00807248,FG003,"Escitalopram 20 mg and Gaboxadol 10 mg (Orally, Once Daily)",0,,,False,1
NCT00811252,FG000,Placebo,1,Placebo,PLACEBO_COMPARATOR,True,1
NCT00811252,FG001,Vortioxetine 5 mg,1,Vortioxetine 5 mg,EXPERIMENTAL,True,1
NCT00811252,FG002,Duloxetine 60 mg,1,Duloxetine 60 mg,OTHER,True,1
NCT00824291,FG000,DVS SR 50 mg,0,,,False,1
NCT00824291,FG001,Placebo,0,,,False,1
NCT00839423,FG000,Placebo,1,Placebo,PLACEBO_COMPARATOR,False,1
NCT00839423,FG001,Vortioxetine 5 mg,0,,,False,1
NCT00839423,FG002,Vortioxetine 10 mg,0,,,False,1
NCT00839423,FG003,Venlafaxine 225 mg,0,,,False,1
NCT00840034,FG000,LY2216684,1,LY2216684,EXPERIMENTAL,True,2
NCT00840034,FG001,Placebo,1,Placebo,PLACEBO_COMPARATOR,True,2
NCT00849693,FG000,Duloxetine 60 mg / Duloxetine 60-120 mg,0,,,False,2
NCT00849693,FG001,Duloxetine 30 mg/Duloxetine 60-120 mg,0,,,False,2
NCT00849693,FG002,Fluoxetine 20 mg/Fluoxetine 20-40 mg,0,,,False,2
NCT00849693,FG003,Placebo/Duloxetine 60-120 mg,0,,,False,2
NCT00849901,FG000,Duloxetine/Duloxetine,0,,,False,2
NCT00849901,FG001,Fluoxetine/Fluoxetine,0,,,False,2
NCT00849901,FG002,Placebo/Duloxetine,0,,,False,2
NCT00854100,FG000,Placebo,1,Placebo,PLACEBO_COMPARATOR,True,1
NCT00854100,FG001,Cariprazine 0.1 - 0.3 mg,1,Cariprazine 0.1 - 0.3 mg,EXPERIMENTAL,True,1
NCT00854100,FG002,Cariprazine 1.0 - 2.0 mg,1,Cariprazine 1.0 - 2.0 mg,EXPERIMENTAL,True,1
NCT00863798,FG000,Placebo,1,Placebo,PLACEBO_COMPARATOR,False,1
NCT00863798,FG001,DVS SR 10 mg,0,,,False,1
NCT00863798,FG002,DVS SR 50 mg,0,,,False,1
NCT00876343,FG000,Variable Dose Group of Aripiprazole,0,,,False,1
NCT00876343,FG001,Fixed Dose Group of Aripiprazole,0,,,False,1
NCT00876343,FG002,Placebo Group,0,,,False,1
NCT00887224,FG000,DVS SR 50 mg (Open-label Phase),0,,,False,7
NCT00887224,FG001,Placebo (Double-blind Phase),0,,,False,7
NCT00887224,FG002,DVS SR 50 mg (Double-blind Phase),0,,,False,7
NCT00905424,FG000,Antidepressant + SPD489,0,,,False,1
NCT00905424,FG001,Antidepressant + Placebo .,0,,,False,1
NCT00962598,FG000,Corn Oil,1,Corn Oil,PLACEBO_COMPARATOR,True,1
NCT00962598,FG001,Omega-3 Fatty Acids,1,Omega-3 Fatty Acids,EXPERIMENTAL,True,1
NCT00969150,FG000,Placebo,0,,,False,1
NCT00969150,FG001,Levomilnacipran ER,0,,,False,1
NCT00969709,FG000,Placebo,0,,,False,1
NCT00969709,FG001,Levomilnacipran ER 40 mg,0,,,False,1
NCT00969709,FG002,Levomilnacipran ER 80 mg,0,,,False,1
NCT00969709,FG003,Levomilnacipran ER 120 mg,0,,,False,1
NCT00976560,FG000,Placebo,1,Placebo,PLACEBO_COMPARATOR,False,1
NCT00976560,FG001,GW856553 7.5 mg BID,0,,,False,1
NCT00985725,FG000,Lisdexamfetamine Dimesylate (LDX),0,,,False,1
NCT00985725,FG001,Placebo,1,Placebo,PLACEBO_COMPARATOR,False,1
NCT01020799,FG000,AZD7268,1,AZD7268,EXPERIMENTAL,True,1
NCT01020799,FG001,Placebo,1,Placebo,PLACEBO_COMPARATOR,True,1
NCT01020799,FG002,Escitalopram,1,Escitalopram,ACTIVE_COMPARATOR,True,1
NCT01034462,FG000,Placebo,0,,,False,1
NCT01034462,FG001,Levomilnacipran ER,0,,,False,1
NCT01052077,FG000,Phase A,0,,,False,3
NCT01052077,FG001,Brexiprazole,0,,,False,3
NCT01052077,FG002,Placebo,0,,,False,3
NCT01052077,FG003,Phase A+,0,,,False,3
NCT01085812,FG000,Placebo,0,,,False,3
NCT01085812,FG001,Levomilnacipran ER,0,,,False,3
NCT01138007,FG000,Placebo,0,,,False,1
NCT01138007,FG001,323U66 SR 150 mg,0,,,False,1
NCT01138007,FG002,323U66 SR 300 mg,0,,,False,1
NCT01140906,FG000,Placebo,1,Placebo,PLACEBO_COMPARATOR,False,1
NCT01140906,FG001,Vortioxetine 15 mg,0,,,False,1
NCT01140906,FG002,Vortioxetine 20 mg,0,,,False,1
NCT01140906,FG003,Duloxetine 60 mg,0,,,False,1
NCT01152554,FG000,TC-5214,0,,,False,1
NCT01152554,FG001,Placebo,0,,,False,1
NCT01153009,FG000,Placebo,1,Placebo,PLACEBO_COMPARATOR,True,1
NCT01153009,FG001,Vortioxetine 15 mg,1,Vortioxetine 15 mg,EXPERIMENTAL,True,1
NCT01153009,FG002,Vortioxetine 20 mg,1,Vortioxetine 20 mg,EXPERIMENTAL,True,1
NCT01153009,FG003,Duloxetine 60 mg,1,Duloxetine 60 mg,ACTIVE_COMPARATOR,True,1
NCT01153347,FG000,0.5 mg BID TC-5214,0,,,False,1
NCT01153347,FG001,2 mg BID TC-5214,0,,,False,1
NCT01153347,FG002,4 mg BID TC-5214,0,,,False,1
NCT01153347,FG003,Placebo,0,,,False,1
NCT01157078,FG000,TC-5214,1,TC-5214,EXPERIMENTAL,True,1
NCT01157078,FG001,Placebo,1,Placebo,PLACEBO_COMPARATOR,True,1
NCT01163266,FG000,Placebo,1,Placebo,PLACEBO_COMPARATOR,True,1
NCT01163266,FG001,Vortioxetine 10 mg,1,Vortioxetine 10 mg,EXPERIMENTAL,True,1
NCT01163266,FG002,Vortioxetine 20 mg,1,Vortioxetine 20 mg,EXPERIMENTAL,True,1
NCT01173601,FG000,Placebo + SSRI (Pre-Randomized Participants),0,,,False,2
NCT01173601,FG001,12 mg LY2216684 + SSRI (Randomized Participants),0,,,False,2
NCT01173601,FG002,18 mg LY2216684 + SSRI (Randomized Participants),0,,,False,2
NCT01173601,FG003,Placebo + SSRI (Randomized Participants),0,,,False,2
NCT01173601,FG004,Placebo + SSRI (Non-Randomized Participants),0,,,False,2
NCT01179516,FG000,Placebo,1,Placebo,PLACEBO_COMPARATOR,True,1
NCT01179516,FG001,Vortioxetine 10 mg,1,Vortioxetine 10 mg,EXPERIMENTAL,True,1
NCT01179516,FG002,Vortioxetine 15 mg,1,Vortioxetine 15 mg,EXPERIMENTAL,True,1
NCT01180400,FG000,TC-5214,1,TC-5214,EXPERIMENTAL,True,1
NCT01180400,FG001,Placebo,1,Placebo,PLACEBO_COMPARATOR,True,1
NCT01185340,FG000,Placebo + SSRI (Pre-randomized Participants),0,,,False,2
NCT01185340,FG001,LY2216684 + SSRI (Randomized Participants),0,,,False,2
NCT01185340,FG002,Placebo + SSRI (Randomized Participants),0,,,False,2
NCT01185340,FG003,Placebo + SSRI (Non-randomized Participants),0,,,False,2
NCT01187407,FG000,Placebo + SSRI (Pre-randomized Participants),0,,,False,2
NCT01187407,FG001,12 or 18 mg LY2216684 + SSRI (Randomized Participants),0,,,False,2
NCT01187407,FG002,6 mg LY2216684 + SSRI (Randomized Participants),0,,,False,2
NCT01187407,FG003,Placebo + SSRI (Randomized Participants),0,,,False,2
NCT01187407,FG004,Placebo + SSRI (Non-randomized Participants),0,,,False,2
NCT01189812,FG000,Placebo (Sugar Pill),0,,,False,1
NCT01189812,FG001,Lithium,1,Lithium,ACTIVE_COMPARATOR,False,1
NCT01197508,FG000,0.1 mg BID TC-5214,1,0.1 mg BID TC-5214,EXPERIMENTAL,True,1
NCT01197508,FG001,1 mg BID TC-5214,1,1 mg BID TC-5214,EXPERIMENTAL,True,1
NCT01197508,FG002,4 mg BID TC-5214,1,4 mg BID TC-5214,EXPERIMENTAL,True,1
NCT01197508,FG003,Placebo,1,Placebo,PLACEBO_COMPARATOR,True,1
NCT01254305,FG000,Placebo,0,,,False,1
NCT01254305,FG001,Levomilnacipran ER,0,,,False,1
NCT01254305,FG002,SSRI,0,,,False,1
NCT01255787,FG000,Placebo,1,Placebo,EXPERIMENTAL,True,1
NCT01255787,FG001,Vortioxetine 5 mg,1,Vortioxetine 5 mg,EXPERIMENTAL,True,1
NCT01255787,FG002,Vortioxetine 10 mg,1,Vortioxetine 10 mg,EXPERIMENTAL,True,1
NCT01255787,FG003,Vortioxetine 20 mg,1,Vortioxetine 20 mg,EXPERIMENTAL,True,1
NCT01299272,FG000,LY2216684 + SSRI (Acute Open-label Period),0,,,False,3
NCT01299272,FG001,LY2216684 + SSRI (Stabilization Open-label Period),0,,,False,3
NCT01299272,FG002,LY2216684 + SSRI (Double-blind Randomized Withdrawal Period),0,,,False,3
NCT01299272,FG003,Placebo + SSRI (Double-blind Randomized Withdrawal Period),0,,,False,3
NCT01312922,FG000,PNB01,1,PNB01,EXPERIMENTAL,True,1
NCT01312922,FG001,Citalopram,1,citalopram,ACTIVE_COMPARATOR,True,1
NCT01312922,FG002,Pipamperone,1,pipamperone,SHAM_COMPARATOR,True,1
NCT01355081,FG000,Vortioxetine 5 mg,1,Vortioxetine 5 mg,EXPERIMENTAL,True,1
NCT01355081,FG001,Vortioxetine 10 mg,1,Vortioxetine 10 mg,EXPERIMENTAL,True,1
NCT01355081,FG002,Placebo,1,Placebo,PLACEBO_COMPARATOR,True,1
NCT01360632,FG000,Single-blind Placebo + ADT,0,,,False,3
NCT01360632,FG001,Brexpiprazole (1mg) + ADT,0,,,False,3
NCT01360632,FG002,Brexpiprazole (3mg) + ADT,0,,,False,3
NCT01360632,FG003,Double-blind Placebo + ADT,0,,,False,3
NCT01360632,FG004,Phase A+ Placebo + ADT,0,,,False,3
NCT01360645,FG000,Single-blind Placebo + ADT,0,,,False,3
NCT01360645,FG001,Brexpiprazole 2 mg/Day + ADT,0,,,False,3
NCT01360645,FG002,Double-blind Placebo + ADT,0,,,False,3
NCT01360645,FG003,Phase A+ Placebo + ADT,0,,,False,3
NCT01368432,FG000,Placebo,1,Placebo,PLACEBO_COMPARATOR,True,1
NCT01368432,FG001,Escitalopram,1,Escitalopram,EXPERIMENTAL,True,1
NCT01370733,FG000,Active sTMS,1,Active sTMS,EXPERIMENTAL,True,1
NCT01370733,FG001,Sham,1,Sham,SHAM_COMPARATOR,True,1
NCT01371734,FG000,Placebo,0,,,False,1
NCT01371734,FG001,DVS SR Low Dose,0,,,False,1
NCT01371734,FG002,DVS SR High Dose,0,,,False,1
NCT01372150,FG000,Placebo,1,Placebo,EXPERIMENTAL,False,1
NCT01372150,FG001,Fluoxetine,1,Fluoxetine,OTHER,False,1
NCT01372150,FG002,Desvenlafaxine Succinate Sustained Release (DVS SR),0,,,False,1
NCT01377194,FG000,Placebo,0,,,False,1
NCT01377194,FG001,Levomilnacipran ER 40 mg,0,,,False,1
NCT01377194,FG002,Levomilnacipran ER 80 mg,0,,,False,1
NCT01407575,FG000,Buprenorphine,1,Buprenorphine,EXPERIMENTAL,True,1
NCT01407575,FG001,Placebo,1,Placebo,PLACEBO_COMPARATOR,True,1
NCT01421134,FG000,Lurasidone,1,Lurasidone,EXPERIMENTAL,True,1
NCT01421134,FG001,Placebo,1,Placebo,PLACEBO_COMPARATOR,True,1
NCT01421342,FG000,Switching: Bupropion-SR,1,Switching: Bupropion-SR,ACTIVE_COMPARATOR,True,3
NCT01421342,FG001,Augmenting: Antidepressant + Bupropion-SR,1,Augmenting: Antidepressant + Bupropion-SR,ACTIVE_COMPARATOR,True,3
NCT01421342,FG002,Augmenting: Antidepressant + Aripiprazole,1,Augmenting: Antidepressant + Aripiprazole,ACTIVE_COMPARATOR,True,3
NCT01422213,FG000,Placebo,1,Placebo,PLACEBO_COMPARATOR,True,1
NCT01422213,FG001,Vortioxetine 10 mg,1,Vortioxetine 10 mg,EXPERIMENTAL,True,1
NCT01422213,FG002,Vortioxetine 20 mg,1,Vortioxetine 20 mg,EXPERIMENTAL,True,1
NCT01428661,FG000,Tasimelteon,1,tasimelteon,EXPERIMENTAL,False,2
NCT01428661,FG001,Placebo,1,placebo,PLACEBO_COMPARATOR,False,2
NCT01428661,FG002,Open Label Tasimelteon,0,,,False,2
NCT01435759,FG000,Antidepressant + Single-blind Placebo,0,,,False,2
NCT01435759,FG001,Antidepressant + Double-blind Placebo,0,,,False,2
NCT01435759,FG002,Antidepressant + Double-blind SPD489 10mg,0,,,False,2
NCT01435759,FG003,Antidepressant + Double-blind SPD489 30mg,0,,,False,2
NCT01435759,FG004,Antidepressant + Double-blind SPD489 50mg,0,,,False,2
NCT01435759,FG005,Antidepressant + Double-blind SPD489 70mg,0,,,False,2
NCT01436149,FG000,Antidepressant + Single-blind Placebo,0,,,False,2
NCT01436149,FG001,Antidepressant + Double-blind Placebo,0,,,False,2
NCT01436149,FG002,Antidepressant + Double-blind SPD489,0,,,False,2
NCT01436162,FG000,Antidepressant + Single-blind Placebo,0,,,False,2
NCT01436162,FG001,Antidepressant + Double-blind SPD489,0,,,False,2
NCT01436162,FG002,Antidepressant + Double-blind Placebo,0,,,False,2
NCT01441440,FG000,Placebo,1,Placebo,PLACEBO_COMPARATOR,False,1
NCT01441440,FG001,Venlafaxine 75 mg/Day Fixed,0,,,False,1
NCT01441440,FG002,Venlafaxine 75-225 mg/Day Flexible,0,,,False,1
NCT01469377,FG000,Placebo,1,Placebo,PLACEBO_COMPARATOR,True,1
NCT01469377,FG001,Cariprazine 1-2 mg,1,Cariprazine 1-2 mg,EXPERIMENTAL,True,1
NCT01469377,FG002,Cariprazine 2-4.5 mg,1,Cariprazine 2-4.5 mg,EXPERIMENTAL,True,1
NCT01482221,FG000,AZD6765 50 mg,0,,,False,1
NCT01482221,FG001,AZD6765 100 mg,0,,,False,1
NCT01482221,FG002,Placebo,0,,,False,1
NCT01488071,FG000,Vortioxetine 10 mg or 20 mg,1,Vortioxetine 10 mg or 20 mg,EXPERIMENTAL,True,1
NCT01488071,FG001,Agomelatine 25 mg or 50 mg,1,Agomelatine 25 mg or 50 mg,ACTIVE_COMPARATOR,True,1
NCT01500200,FG000,Placebo S1,0,,,False,2
NCT01500200,FG001,ALKS 5461 2mg/2mg S1,0,,,False,2
NCT01500200,FG002,ALKS 5461 8mg/8mg S1,0,,,False,2
NCT01500200,FG003,Placebo S2,0,,,False,2
NCT01500200,FG004,ALKS 5461 2mg/2mg S2,0,,,False,2
NCT01500200,FG005,ALKS 5461 8mg/8mg S2,0,,,False,2
NCT01558063,FG000,Ketamine Dose 1,1,Ketamine Dose 1,ACTIVE_COMPARATOR,True,1
NCT01558063,FG001,Ketamine Dose 2,1,Ketamine Dose 2,ACTIVE_COMPARATOR,True,1
NCT01558063,FG002,Ketamine Dose 3,1,Ketamine Dose 3,ACTIVE_COMPARATOR,True,1
NCT01558063,FG003,Ketamine Dose 4,1,Ketamine Dose 4,ACTIVE_COMPARATOR,True,1
NCT01558063,FG004,Ketamine Dose 5,1,Ketamine Dose 5,ACTIVE_COMPARATOR,True,1
NCT01558063,FG005,Saline Solution,1,Saline Solution,PLACEBO_COMPARATOR,True,1
NCT01564862,FG000,Vortioxetine (Lu AA21004),0,,,False,1
NCT01564862,FG001,Duloxetine,0,,,False,1
NCT01564862,FG002,Placebo,0,,,False,1
NCT01571453,FG000,Vortioxetine,0,,,False,1
NCT01571453,FG001,Venlafaxine,0,,,False,1
NCT01625845,FG000,Pentoxifylline + Standard Treatment,1,Pentoxifylline + Standard Treatment,EXPERIMENTAL,True,1
NCT01625845,FG001,Placebo + Standard Treatment,1,Placebo + Standard Treatment,PLACEBO_COMPARATOR,True,1
NCT01627782,FG000,Placebo: 2 Times Per Week,0,,,False,1
NCT01627782,FG001,Ketamine: 2 Times Per Week,0,,,False,1
NCT01627782,FG002,Placebo: 3 Times Per Week,0,,,False,1
NCT01627782,FG003,Ketamine: 3 Times Per Week,0,,,False,1
NCT01715805,FG000,Placebo + ADT Lead-in,1,Placebo + ADT Lead-in,OTHER,True,2
NCT01715805,FG001,Placebo + ADT (Double-Blind),1,Placebo + ADT (Double-Blind),PLACEBO_COMPARATOR,True,2
NCT01715805,FG002,Cariprazine + ADT (Double-Blind),1,Cariprazine + ADT (Double-Blind),EXPERIMENTAL,True,2
NCT01715805,FG003,Placebo + ADT (Continued Treatment),1,Placebo + ADT (Continued Treatment),OTHER,True,2
NCT01725282,FG000,Placebo,1,Placebo,PLACEBO_COMPARATOR,True,1
NCT01725282,FG001,Quetiapine 50 mg,1,Quetiapine 50 mg,EXPERIMENTAL,True,1
NCT01725282,FG002,Quetiapine 150 mg,1,Quetiapine 150 mg,EXPERIMENTAL,True,1
NCT01725282,FG003,Quetiapine 300 mg,1,Quetiapine 300 mg,EXPERIMENTAL,True,1
NCT01727726,FG000,Brexpiprazole + ADT,1,Brexpiprazole + ADT,EXPERIMENTAL,True,1
NCT01727726,FG001,Seroquel XR + ADT,1,Seroquel XR + ADT,ACTIVE_COMPARATOR,True,1
NCT01727726,FG002,Placebo + ADT,1,Placebo + ADT,PLACEBO_COMPARATOR,True,1
NCT01808612,FG000,20 mg Fluoxetine,1,20 mg Fluoxetine,EXPERIMENTAL,True,2
NCT01808612,FG001,40 mg Fluoxetine,1,40 mg Fluoxetine,EXPERIMENTAL,True,2
NCT01808612,FG002,Placebo,1,Placebo,PLACEBO_COMPARATOR,True,2
NCT01838681,FG000,Period A Placebo and ADT (8 Weeks),0,,,False,2
NCT01838681,FG001,Period B Placebo and ADT (24 Weeks Randomised Treatment),0,,,False,2
NCT01838681,FG002,Period B Brexpiprazole and ADT (24 Weeks Randomised Treatment),0,,,False,2
NCT01838681,FG003,Period A+ Placebo and ADT (Non-randomised Patients),0,,,False,2
NCT01874951,FG000,Placebo,1,Placebo,PLACEBO_COMPARATOR,True,1
NCT01874951,FG001,Naltrexone,1,Naltrexone,EXPERIMENTAL,True,1
NCT01878292,FG000,Placebo,1,Placebo,PLACEBO_COMPARATOR,True,3
NCT01878292,FG001,Vilazodone 15 mg,1,Vilazodone 15 mg,EXPERIMENTAL,True,3
NCT01878292,FG002,Vilazodone 30 mg,1,vilazodone 30 mg,EXPERIMENTAL,True,3
NCT02014363,FG000,ETS6103 (Low Dose),1,ETS6103 (low dose),EXPERIMENTAL,False,1
NCT02014363,FG001,ETS6103 (High Dose),1,ETS6103 (high dose),EXPERIMENTAL,False,1
NCT02014363,FG002,Amitriptyline,1,Amitriptyline,ACTIVE_COMPARATOR,False,1
NCT02015546,FG000,Vilazodone 10mg,1,Vilazodone 10mg,EXPERIMENTAL,True,1
NCT02015546,FG001,Vilazodone 20mg,1,Vilazodone 20mg,EXPERIMENTAL,True,1
NCT02015546,FG002,Vilazodone 40mg,1,Vilazodone 40mg,EXPERIMENTAL,True,1
NCT02046564,FG000,ASC-01,1,ASC-01,EXPERIMENTAL,True,1
NCT02046564,FG001,Placebo,1,Placebo,PLACEBO_COMPARATOR,True,1
NCT02085135,FG000,1-Week Titration,0,,,False,1
NCT02085135,FG001,2-Week Titration,0,,,False,1
NCT02116361,FG000,Placebo (Normal Saline) for onabotulinumtoxinA 50 U,0,,,False,1
NCT02116361,FG001,onabotulinumtoxinA 50 U,1,onabotulinumtoxinA 50 U,EXPERIMENTAL,False,1
NCT02116361,FG002,Placebo (Normal Saline) for onabotulinumtoxinA 30 U,0,,,False,1
NCT02116361,FG003,onabotulinumtoxinA 30 U,1,onabotulinumtoxinA 30 U,EXPERIMENTAL,False,1
NCT02133001,FG000,Placebo,1,Placebo,PLACEBO_COMPARATOR,False,2
NCT02133001,FG001,Esketamine 84 mg,0,,,False,2
NCT02158533,FG000,Placebo S1,0,,,False,2
NCT02158533,FG001,ALKS 5461 0.5mg/0.5mg S1,0,,,False,2
NCT02158533,FG002,ALKS 5461 2mg/2mg S1,0,,,False,2
NCT02158533,FG003,Placebo S2,0,,,False,2
NCT02158533,FG004,ALKS 5461 0.5mg/0.5mg S2,0,,,False,2
NCT02158533,FG005,ALKS 5461 2mg/2mg S2,0,,,False,2
NCT02158546,FG000,Group 1 - ALKS 5461 2mg/2mg,0,,,False,1
NCT02158546,FG001,Group 1 - Placebo,0,,,False,1
NCT02158546,FG002,Group 2 ALKS 5461 2mg/2mg,0,,,False,1
NCT02158546,FG003,Group 2 - Placebo,0,,,False,1
NCT02176291,FG000,Buprenorphine,1,Buprenorphine,EXPERIMENTAL,True,1
NCT02176291,FG001,Placebo,1,Placebo,PLACEBO_COMPARATOR,True,1
NCT02181231,FG000,Buprenorphine,0,,,False,1
NCT02181231,FG001,Placebo,0,,,False,1
NCT02185131,FG000,Mirtazapine,1,Mirtazapine,ACTIVE_COMPARATOR,True,1
NCT02185131,FG001,Placebo,1,Placebo,ACTIVE_COMPARATOR,True,1
NCT02191397,FG000,Bupropion XL,0,,,False,1
NCT02191397,FG001,Escitalopram,0,,,False,1
NCT02196506,FG000,Phase A: All ADT (Antidepressant Therapy),0,,,False,3
NCT02196506,FG001,Phase B: Brexpiprazole + ADT,0,,,False,3
NCT02196506,FG002,Phase B: Placebo + ADT,0,,,False,3
NCT02196506,FG003,Phase A +: ALL ADT,0,,,False,3
NCT02218008,FG000,Placebo S1,0,,,False,2
NCT02218008,FG001,ALKS 5461 1mg/1mg S1,0,,,False,2
NCT02218008,FG002,ALKS 5461 2mg/2mg S1,0,,,False,2
NCT02218008,FG003,Placebo S2,0,,,False,2
NCT02218008,FG004,ALKS 5461 1mg/1mg S2,0,,,False,2
NCT02218008,FG005,ALKS 5461 2mg/2mg S2,0,,,False,2
NCT02372799,FG000,Placebo,1,Placebo,PLACEBO_COMPARATOR,True,2
NCT02372799,FG001,Vilazodone,1,Vilazodone,EXPERIMENTAL,True,2
NCT02372799,FG002,Fluoxetine,1,Fluoxetine,ACTIVE_COMPARATOR,True,2
NCT02376257,FG000,250 mg DCS,1,250 mg DCS,ACTIVE_COMPARATOR,True,1
NCT02376257,FG001,100 mg Modafinil,1,100 mg modafinil,ACTIVE_COMPARATOR,True,1
NCT02376257,FG002,Placebo,1,Placebo,PLACEBO_COMPARATOR,True,1
NCT02389816,FG000,Placebo,1,Placebo,PLACEBO_COMPARATOR,True,1
NCT02389816,FG001,Vortioxetine 10 mg,1,Vortioxetine 10 mg,EXPERIMENTAL,True,1
NCT02389816,FG002,Vortioxetine 20 mg,1,Vortioxetine 20 mg,EXPERIMENTAL,True,1
NCT02395978,FG000,Part I: 1 PDC-1421 Capsule,1,Part I: 1 PDC-1421 Capsule,EXPERIMENTAL,True,1
NCT02395978,FG001,Part I: 2 PDC-1421 Capsule,1,Part I: 2 PDC-1421 Capsule,EXPERIMENTAL,True,1
NCT02395978,FG002,Part II: 2 PDC-1421 Capsule,1,Part II: 2 PDC-1421 Capsule,EXPERIMENTAL,True,1
NCT02395978,FG003,Part II: 1 PDC-1421 Capsule Plus 1 Placebo,1,Part II: 1 PDC-1421 Capsule plus 1 placebo,EXPERIMENTAL,True,1
NCT02395978,FG004,Part II: 2 Placebo,1,Part II: 2 placebo,PLACEBO_COMPARATOR,True,1
NCT02431806,FG000,Placebo,1,Placebo,PLACEBO_COMPARATOR,False,2
NCT02431806,FG001,Levomilnacipran 40 mg/Day,0,,,False,2
NCT02431806,FG002,Levomilnacipran 80 mg/Day,0,,,False,2
NCT02431806,FG003,Fluoxetine 20 mg/Day,0,,,False,2
NCT02458690,FG000,eIMPACT,1,eIMPACT,EXPERIMENTAL,True,1
NCT02458690,FG001,Usual Care,1,Usual Care,ACTIVE_COMPARATOR,True,1
NCT02461927,FG000,Ketamine + Naltrexone,1,Ketamine + Naltrexone,EXPERIMENTAL,True,1
NCT02461927,FG001,Ketamine + Placebo,1,Ketamine + Placebo,EXPERIMENTAL,True,1
NCT02461927,FG002,Placebo (Psychoactive Placebo Midazolam) + Placebo,1,Placebo (psychoactive placebo midazolam) + Placebo,PLACEBO_COMPARATOR,True,1
NCT02473289,FG000,Placebo,1,Placebo,PLACEBO_COMPARATOR,False,1
NCT02473289,FG001,Sirukumab 50 mg,0,,,False,1
NCT02553915,FG000,Placebo,1,Placebo,PLACEBO_COMPARATOR,True,1
NCT02553915,FG001,EPA 1 g/Day,1,EPA 1 g/day,EXPERIMENTAL,True,1
NCT02553915,FG002,EPA 2 g/Day,1,EPA 2 g/day,EXPERIMENTAL,True,1
NCT02553915,FG003,EPA 4 g/Day,1,EPA 4 g/day,EXPERIMENTAL,True,1
NCT02646449,FG000,Mirtazapine,1,Mirtazapine,ACTIVE_COMPARATOR,True,1
NCT02646449,FG001,Placebo,1,Placebo,PLACEBO_COMPARATOR,True,1
NCT02674529,FG000,Antidepressant Treatment,1,Antidepressant Treatment,ACTIVE_COMPARATOR,True,1
NCT02674529,FG001,Placebo,1,Placebo,PLACEBO_COMPARATOR,True,1
NCT02709655,FG000,Single-Blind: Placebo,0,,,False,2
NCT02709655,FG001,Double-Blind: Placebo,0,,,False,2
NCT02709655,FG002,Double-Blind: Vortioxetine 10 mg,0,,,False,2
NCT02709655,FG003,Double-Blind: Vortioxetine 20 mg,0,,,False,2
NCT02709655,FG004,Double-Blind: Fluoxetine 20 mg,0,,,False,2
NCT02709746,FG000,"Single-blind Treatment, Placebo",0,,,False,2
NCT02709746,FG001,"DBT, Vortioxetine 10 mg",0,,,False,2
NCT02709746,FG002,"DBT, Vortioxetine 20 mg",0,,,False,2
NCT02709746,FG003,"DBT, Fluoxetine 20 mg",0,,,False,2
NCT02709746,FG004,"DBT, Placebo",0,,,False,2
NCT02720198,FG000,Levomilnacipran,1,Levomilnacipran,ACTIVE_COMPARATOR,True,1
NCT02720198,FG001,Quetiapine,1,Quetiapine,ACTIVE_COMPARATOR,True,1
NCT02914769,FG000,Placebo,1,placebo,PLACEBO_COMPARATOR,True,1
NCT02914769,FG001,Ayahuasca,1,Ayahuasca,EXPERIMENTAL,True,1
NCT02932943,FG000,Placebo,1,Placebo,PLACEBO_COMPARATOR,True,1
NCT02932943,FG001,Rapastinel 450 mg,1,Rapastinel 450 mg,EXPERIMENTAL,True,1
NCT02943564,FG000,Placebo,1,Placebo,PLACEBO_COMPARATOR,True,1
NCT02943564,FG001,Rapastinel 225 mg,1,Rapastinel 225 mg,EXPERIMENTAL,True,1
NCT02943564,FG002,Rapastinel 450 mg,1,Rapastinel 450 mg,EXPERIMENTAL,True,1
NCT02943577,FG000,Placebo,1,Placebo,PLACEBO_COMPARATOR,True,1
NCT02943577,FG001,Rapastinel 450 mg,1,Rapastinel 450 mg,EXPERIMENTAL,True,1
NCT02951988,FG000,OLTP Rapastinel 450 mg Weekly + ADT,0,,,False,2
NCT02951988,FG001,DBTP Placebo,0,,,False,2
NCT02951988,FG002,DBTP Rapastinel 450 mg Every 2 Weeks,0,,,False,2
NCT02951988,FG003,DBTP Rapastinel 450 mg Weekly,0,,,False,2
NCT03000530,FG000,Part A: SAGE-217,1,Part A: SAGE-217,EXPERIMENTAL,True,1
NCT03000530,FG001,Part B: Placebo,1,Part B: Placebo,PLACEBO_COMPARATOR,True,1
NCT03000530,FG002,Part B: SAGE-217,1,Part B: SAGE-217,EXPERIMENTAL,True,1
NCT03018340,FG000,Pimavanserin 34 mg + SSRI/SNRI,1,Pimavanserin 34 mg + SSRI/SNRI,EXPERIMENTAL,True,1
NCT03018340,FG001,Placebo + SSRI/SNRI,1,Placebo + SSRI/SNRI,PLACEBO_COMPARATOR,True,1
NCT03039192,FG000,Placebo Plus SOC Antidepressant Treatment,0,,,False,1
NCT03039192,FG001,Esketamine 84 mg Plus SOC Antidepressant Treatment,0,,,False,1
NCT03051256,FG000,REL-1017 25 mg,1,REL-1017 25 mg,EXPERIMENTAL,True,1
NCT03051256,FG001,REL-1017 50 mg,1,REL-1017 50 mg,EXPERIMENTAL,True,1
NCT03051256,FG002,Placebo,1,Placebo,PLACEBO_COMPARATOR,True,1
NCT03097133,FG000,Placebo + Standard of Care (SOC),0,,,False,1
NCT03097133,FG001,Esketamine 84 mg + SOC,0,,,False,1
NCT03113968,FG000,Electroconvulsive Therapy (ECT),1,electroconvulsive therapy (ECT),ACTIVE_COMPARATOR,True,1
NCT03113968,FG001,Ketamine Infusion,1,ketamine infusion,ACTIVE_COMPARATOR,True,1
NCT03181529,FG000,Immediate Treatment,1,Immediate Treatment,EXPERIMENTAL,True,1
NCT03181529,FG001,Delayed Treatment,1,Delayed Treatment,EXPERIMENTAL,True,1
NCT03185819,FG000,Placebo + Midazolam + SOC,0,,,False,2
NCT03185819,FG001,Esketamine 28 mg + Placebo + SOC,0,,,False,2
NCT03185819,FG002,Esketamine 56 mg + Placebo + SOC,0,,,False,2
NCT03185819,FG003,Esketamine 84 mg + Placebo + SOC,0,,,False,2
NCT03188185,FG000,S1: Placebo,0,,,False,2
NCT03188185,FG001,S1: ALKS 5461 2mg/2mg,0,,,False,2
NCT03188185,FG002,S2: Placebo,0,,,False,2
NCT03188185,FG003,S2: ALKS 5461 2mg/2mg,0,,,False,2
NCT03193398,FG000,BTRX-246040,1,BTRX-246040,EXPERIMENTAL,True,1
NCT03193398,FG001,Placebo,1,Placebo,PLACEBO_COMPARATOR,True,1
NCT03227224,FG000,Placebo,1,Placebo,PLACEBO_COMPARATOR,False,2
NCT03227224,FG001,Seltorexant 10 mg,0,,,False,2
NCT03227224,FG002,Seltorexant 20 mg,0,,,False,2
NCT03227224,FG003,Seltorexant 40 mg,0,,,False,2
NCT03321526,FG000,Seltorexant,0,,,False,2
NCT03321526,FG001,Quetiapine XR,0,,,False,2
NCT03429075,FG000,Psilocybin,1,Psilocybin,EXPERIMENTAL,True,1
NCT03429075,FG001,Escitalopram,1,Escitalopram,ACTIVE_COMPARATOR,True,1
NCT03433339,FG000,Active Treatment,1,Active Treatment,EXPERIMENTAL,True,1
NCT03433339,FG001,Sham Treatment,1,Sham Treatment,SHAM_COMPARATOR,True,1
NCT03446846,FG000,5.0 mg MIN-117,1,5.0 mg MIN-117,EXPERIMENTAL,True,1
NCT03446846,FG001,2.5 mg MIN-117,1,2.5 mg MIN-117,EXPERIMENTAL,True,1
NCT03446846,FG002,Placebo,1,Placebo,PLACEBO_COMPARATOR,True,1
NCT03538691,FG000,Phase A: Brexpiprazole + ADT,1,Phase A: Brexpiprazole + ADT,EXPERIMENTAL,True,3
NCT03538691,FG001,Phase B: Brexpiprazole + ADT,1,Phase B: Brexpiprazole + ADT,EXPERIMENTAL,True,3
NCT03538691,FG002,Phase C: Brexpiprazole + ADT,1,Phase C: Brexpiprazole + ADT,EXPERIMENTAL,True,3
NCT03538691,FG003,Phase C: Placebo + ADT,1,Phase C: Placebo + ADT,EXPERIMENTAL,True,3
NCT03559192,FG000,Lead in Period: Placebo,0,,,False,2
NCT03559192,FG001,Double-blind Treatment + Withdrawal Period: Placebo,0,,,False,2
NCT03559192,FG002,Double-blind Treatment + Withdrawal Period: JNJ-67953964 10 Milligrams (mg),0,,,False,2
NCT03569475,FG000,Placebo,1,Placebo,PLACEBO_COMPARATOR,True,2
NCT03569475,FG001,Levomilnacipran ER 40-80 mg/Day,1,Levomilnacipran ER 40-80 mg/day,EXPERIMENTAL,True,2
NCT03569475,FG002,Fluoxetine 20 mg/Day,1,Fluoxetine 20 mg/day,ACTIVE_COMPARATOR,True,2
NCT03586427,FG000,AGN-241751 Dose 1,1,AGN-241751 Dose 1,EXPERIMENTAL,True,1
NCT03586427,FG001,AGN-241751 Dose 2,1,AGN-241751 Dose 2,EXPERIMENTAL,True,1
NCT03586427,FG002,AGN-241751 Dose 3,1,AGN-241751 Dose 3,EXPERIMENTAL,True,1
NCT03586427,FG003,AGN-241751 Dose 4,1,AGN-241751 Dose 4,EXPERIMENTAL,True,1
NCT03586427,FG004,Placebo,1,Placebo,PLACEBO_COMPARATOR,True,1
NCT03595579,FG000,AXS-05,1,AXS-05,EXPERIMENTAL,True,1
NCT03595579,FG001,Bupropion,1,Bupropion,ACTIVE_COMPARATOR,True,1
NCT03672175,FG000,SAGE-217 Matched Placebo,1,SAGE-217 Matched Placebo,PLACEBO_COMPARATOR,True,3
NCT03672175,FG001,SAGE-217 20 mg,1,SAGE-217 20 mg,EXPERIMENTAL,True,3
NCT03672175,FG002,SAGE-217 30 mg,1,SAGE-217 30 mg,EXPERIMENTAL,True,3
NCT03697603,FG000,Brexpiprazole 1 mg,0,,,False,1
NCT03697603,FG001,Brexpiprazole 2 mg,0,,,False,1
NCT03697603,FG002,Placebo,1,Placebo,PLACEBO_COMPARATOR,False,1
NCT03726658,FG000,AGN-241751 3mg Daily,0,,,False,1
NCT03726658,FG001,AGN-241751 10mg Daily,0,,,False,1
NCT03726658,FG002,AGN-241751 25mg Daily,0,,,False,1
NCT03726658,FG003,Placebo Daily,0,,,False,1
NCT03726658,FG004,AGN-241751 3mg Two Times Per Day,0,,,False,1
NCT03726658,FG005,AGN-241751 25mg Two Times Per Day,0,,,False,1
NCT03726658,FG006,Placebo 2 Times Per Day,0,,,False,1
NCT03738215,FG000,Placebo + ADT,1,Placebo + ADT,PLACEBO_COMPARATOR,True,2
NCT03738215,FG001,Cariprazine 1.5 mg/Day + ADT,1,Cariprazine 1.5 mg/Day + ADT,EXPERIMENTAL,True,2
NCT03738215,FG002,Cariprazine 3 mg/Day + ADT,1,Cariprazine 3 mg/Day + ADT,EXPERIMENTAL,True,2
NCT03739203,FG000,Placebo + ADT,1,Placebo + ADT,PLACEBO_COMPARATOR,True,2
NCT03739203,FG001,Cariprazine 1.5 mg/Day + ADT,1,Cariprazine 1.5 mg/day + ADT,EXPERIMENTAL,True,2
NCT03739203,FG002,Cariprazine 3 mg/Day + ADT,1,Cariprazine 3 mg/day + ADT,EXPERIMENTAL,True,2
NCT03866174,FG000,Psilocybin,1,Psilocybin,EXPERIMENTAL,True,1
NCT03866174,FG001,Niacin,1,Niacin,ACTIVE_COMPARATOR,True,1
NCT03968159,FG000,Pimavanserin,0,,,False,1
NCT03968159,FG001,Placebo,1,Placebo,PLACEBO_COMPARATOR,False,1
NCT04019704,FG000,AXS-05,1,AXS-05,EXPERIMENTAL,True,1
NCT04019704,FG001,Placebo,1,Placebo,PLACEBO_COMPARATOR,True,1
NCT04080752,FG000,Placebo,1,Placebo,PLACEBO_COMPARATOR,False,1
NCT04080752,FG001,JNJ-61393215 135 Milligrams (mg),0,,,False,1
NCT04103892,FG000,Part A - CLE-100 (Oral Esketamine),1,Part A - CLE-100 (oral esketamine),EXPERIMENTAL,True,1
NCT04103892,FG001,Part A - Placebo,1,Part A - Placebo,PLACEBO_COMPARATOR,True,1
NCT04103892,FG002,Part B - CLE-100 (Oral Esketamine),1,Part B - CLE-100 (oral esketamine),EXPERIMENTAL,True,1
NCT04103892,FG003,Part B - Placebo,1,Part B - Placebo,PLACEBO_COMPARATOR,True,1
NCT04116528,FG000,Buprenorphrine After Ketamine Infusion,0,,,False,1
NCT04116528,FG001,Placebo After Ketamine Infusion,0,,,False,1
NCT04221230,FG000,NMRA-335140,0,,,False,1
NCT04221230,FG001,Placebo,1,Placebo,PLACEBO_COMPARATOR,False,1
NCT04244253,FG000,OPC-64005 10-mg,0,,,False,1
NCT04244253,FG001,OPC-64005 20-mg,0,,,False,1
NCT04244253,FG002,Placebo,1,Placebo,PLACEBO_COMPARATOR,False,1
NCT04338321,FG000,Esketamine Nasal Spray + Oral Antidepressant (AD),0,,,False,1
NCT04338321,FG001,Quetiapine Extended Release (XR) + Oral AD,0,,,False,1
NCT04345471,FG000,Placebo,1,Placebo,PLACEBO_COMPARATOR,True,1
NCT04345471,FG001,MD-120 50 mg,1,MD-120 50 mg,EXPERIMENTAL,True,1
NCT04345471,FG002,MD-120 100 mg,1,MD-120 100 mg,EXPERIMENTAL,True,1
NCT04395183,FG000,5-HTP + Placebo,1,5-HTP + Placebo,ACTIVE_COMPARATOR,True,1
NCT04395183,FG001,Creatine + Placebo,1,Creatine + Placebo,ACTIVE_COMPARATOR,True,1
NCT04395183,FG002,Creatine + 5-HTP,1,Creatine + 5-HTP,ACTIVE_COMPARATOR,True,1
NCT04395183,FG003,Double Placebo,1,Double Placebo,PLACEBO_COMPARATOR,True,1
NCT04437485,FG000,eIMPACT-DM Intervention,1,eIMPACT-DM intervention,EXPERIMENTAL,True,1
NCT04437485,FG001,Active Control,1,Active Control,ACTIVE_COMPARATOR,True,1
NCT04442490,FG000,Placebo,1,Placebo,PLACEBO_COMPARATOR,True,1
NCT04442490,FG001,SAGE-217 50 mg,1,SAGE-217 50 mg,EXPERIMENTAL,True,1
NCT04476030,FG000,Placebo + Assigned ADT,1,Placebo + Assigned ADT,ACTIVE_COMPARATOR,True,1
NCT04476030,FG001,SAGE-217 + Assigned ADT,1,SAGE-217 + Assigned ADT,EXPERIMENTAL,True,1
NCT04479852,FG000,SP-624,1,SP-624,EXPERIMENTAL,True,1
NCT04479852,FG001,Placebo,1,Placebo,PLACEBO_COMPARATOR,True,1
NCT04504253,FG000,Creatine Monohydrate,1,Creatine monohydrate,EXPERIMENTAL,True,1
NCT04504253,FG001,Placebo,1,Placebo,PLACEBO_COMPARATOR,True,1
NCT04521478,FG000,Placebo,1,Placebo,PLACEBO_COMPARATOR,True,1
NCT04521478,FG001,5 mg BI 1358894,1,5 mg BI 1358894,EXPERIMENTAL,True,1
NCT04521478,FG002,25 mg BI 1358894,1,25 mg BI 1358894,EXPERIMENTAL,True,1
NCT04521478,FG003,75 mg BI 1358894,1,75 mg BI 1358894,EXPERIMENTAL,True,1
NCT04521478,FG004,125 mg BI 1358894,1,125 mg BI 1358894,EXPERIMENTAL,True,1
NCT04521478,FG005,Quetiapine,1,Quetiapine,ACTIVE_COMPARATOR,True,1
NCT04533529,FG000,Double Blind (DB) Treatment Phase: Placebo,0,,,False,4
NCT04533529,FG001,DB Treatment Phase: Seltorexant 20 mg,0,,,False,4
NCT04533529,FG002,Open-label (OL) Treatment Phase: Placebo to Seltorexant 20 mg,0,,,False,4
NCT04533529,FG003,OL Treatment Phase: Seltorexant 20 mg to Seltorexant 20 mg,0,,,False,4
NCT04533529,FG004,DB Follow-up Phase: Placebo,0,,,False,4
NCT04533529,FG005,DB Follow-up Phase: Seltorexant 20 mg,0,,,False,4
NCT04533529,FG006,OL Follow-up Phase: Placebo to Seltorexant 20 mg,0,,,False,4
NCT04533529,FG007,OL Follow-up Phase: Seltorexant 20 mg to Seltorexant 20 mg,0,,,False,4
NCT04688164,FG000,REL-1017,1,REL-1017,EXPERIMENTAL,True,1
NCT04688164,FG001,Placebo,1,Placebo,PLACEBO_COMPARATOR,True,1
NCT04985942,FG000,Lumateperone 42 mg,1,Lumateperone 42 mg,EXPERIMENTAL,True,1
NCT04985942,FG001,Placebo,1,Placebo,PLACEBO_COMPARATOR,True,1
NCT05061706,FG000,Lumateperone 42 mg,1,Lumateperone 42 mg,EXPERIMENTAL,True,1
NCT05061706,FG001,Placebo,1,Placebo,PLACEBO_COMPARATOR,True,1
NCT05081167,FG000,REL-1017,1,REL-1017,EXPERIMENTAL,True,1
NCT05081167,FG001,Placebo,1,Placebo,PLACEBO_COMPARATOR,True,1
NCT05165394,FG000,Placebo,1,Placebo,PLACEBO_COMPARATOR,False,1
NCT05165394,FG001,NBI-1065846,0,,,False,1
NCT05455684,FG000,Placebo,1,Placebo,PLACEBO_COMPARATOR,False,1
NCT05455684,FG001,Aticaprant 10 mg,0,,,False,1
NCT05550532,FG000,Placebo,1,Placebo,PLACEBO_COMPARATOR,False,1
NCT05550532,FG001,Aticaprant 10 mg,0,,,False,1
NCT05680727,FG000,Connectivity-based Targeting,0,,,False,1
NCT05680727,FG001,Scalp-based Targeting,0,,,False,1
NCT05686408,FG000,Placebo,1,Placebo,PLACEBO_COMPARATOR,True,1
NCT05686408,FG001,"TNX-601 ER, 39.4 mg",1,"TNX-601 ER, 39.4 mg",EXPERIMENTAL,True,1
NCT06126497,FG000,"Ropanicant 45 mg, QD",0,,,False,1
NCT06126497,FG001,"Ropanicant 30 mg, BID",0,,,False,1
NCT06126497,FG002,"Ropanicant 45 mg, BID",0,,,False,1
NCT06280235,FG000,Placebo,1,Placebo,PLACEBO_COMPARATOR,True,1
NCT06280235,FG001,5 mg BI 1569912,1,5 mg BI 1569912,EXPERIMENTAL,True,1
NCT06280235,FG002,10 mg BI 1569912,1,10 mg BI 1569912,EXPERIMENTAL,True,1
NCT06280235,FG003,20 mg BI 1569912,1,20 mg BI 1569912,EXPERIMENTAL,True,1
NCT06340958,FG000,CLE-100,1,CLE-100,EXPERIMENTAL,True,1
NCT06340958,FG001,Placebo,1,Placebo,PLACEBO_COMPARATOR,True,1
NCT06558344,FG000,Placebo-matching BI 1569912,1,Placebo-matching BI 1569912,PLACEBO_COMPARATOR,True,1
NCT06558344,FG001,5 mg BI 1569912,1,5 mg BI 1569912,EXPERIMENTAL,True,1
NCT06558344,FG002,10 mg BI 1569912,1,10 mg BI 1569912,EXPERIMENTAL,True,1
NCT06558344,FG003,20 mg BI 1569912,1,20 mg BI 1569912,EXPERIMENTAL,True,1
