nct_id,group_id,period_index,period_title,flow_title,protocol_label,arm_type,started,completed,noncompleted,attrition,count_valid,reason_sum,reason_reconciles,qc_flags
NCT00056472,FG000,0,Overall Study,Sertraline Plus Olanzapine,,,129,81,48,0.37209302325581395,True,,,
NCT00056472,FG001,0,Overall Study,Olanzapine Plus Placebo,olanzapine plus placebo,PLACEBO_COMPARATOR,130,61,69,0.5307692307692308,True,,,
NCT00086307,FG000,0,Overall Study,Pramipexole,Pramipexole,ACTIVE_COMPARATOR,13,11,2,0.15384615384615385,True,2,True,
NCT00086307,FG001,0,Overall Study,Escitalopram,Escitalopram,ACTIVE_COMPARATOR,13,12,1,0.07692307692307687,True,1,True,
NCT00086307,FG002,0,Overall Study,Escitalopram and Pramipexole,Escitalopram and Pramipexole,EXPERIMENTAL,13,5,8,0.6153846153846154,True,8,True,
NCT00105196,FG000,0,Overall Study,Aripiprazole + ADT,,,177,147,30,0.1694915254237288,True,30,True,
NCT00105196,FG001,0,Overall Study,Placebo + ADT,,,172,149,23,0.13372093023255816,True,23,True,
NCT00107120,FG000,0,Overall Study,Escitalopram,Escitalopram,EXPERIMENTAL,155,126,29,0.18709677419354842,True,29,True,
NCT00107120,FG001,0,Overall Study,Placebo,,,157,133,24,0.15286624203821653,True,24,True,
NCT00149643,FG000,0,Overall Study,Fluoxetine,Fluoxetine,ACTIVE_COMPARATOR,34,0,34,1.0,True,,,
NCT00149643,FG001,0,Overall Study,Placebo,Placebo,PLACEBO_COMPARATOR,36,0,36,1.0,True,,,
NCT00149825,FG000,0,Overall Study,MED+CBTI,MED+CBTI,EXPERIMENTAL,15,10,5,0.33333333333333337,True,5,True,
NCT00149825,FG001,0,Overall Study,MED+CTRL,MED+CTRL,ACTIVE_COMPARATOR,15,12,3,0.19999999999999996,True,3,True,
NCT00166296,FG000,0,Overall Study,Escitalopram,Escitalopram,EXPERIMENTAL,67,60,7,0.10447761194029848,True,7,True,
NCT00166296,FG001,0,Overall Study,Placebo,,,66,57,9,0.13636363636363635,True,9,True,
NCT00361374,FG000,0,Overall Study,Eicosapentaenoic Acid (EPA),,,66,51,15,0.2272727272727273,True,,,
NCT00361374,FG001,0,Overall Study,Docosahexaenoic Acid (DHA),,,65,50,15,0.23076923076923073,True,,,
NCT00361374,FG002,0,Overall Study,Placebo,Placebo,PLACEBO_COMPARATOR,65,53,12,0.18461538461538463,True,,,
NCT00384033,FG000,0,Overall Study,Placebo,Placebo,PLACEBO_COMPARATOR,164,123,41,0.25,True,41,True,
NCT00384033,FG001,0,Overall Study,DVS SR 50 mg,,,155,120,35,0.22580645161290325,True,35,True,
NCT00384033,FG002,0,Overall Study,DVS SR 100 mg,,,160,117,43,0.26875000000000004,True,43,True,
NCT00384033,FG003,0,Overall Study,Duloxetine 60 mg,,,159,119,40,0.2515723270440252,True,40,True,
NCT00388973,FG000,0,Overall Study,Quetiapine XR,,,166,110,56,0.3373493975903614,True,56,True,
NCT00388973,FG001,0,Overall Study,Placebo,,,172,114,58,0.33720930232558144,True,58,True,
NCT00420004,FG000,0,Overall Study,LY2216684,LY2216684,EXPERIMENTAL,269,140,129,0.4795539033457249,True,129,True,
NCT00420004,FG001,0,Overall Study,Placebo,Placebo,PLACEBO_COMPARATOR,138,67,71,0.5144927536231885,True,71,True,
NCT00420004,FG002,0,Overall Study,Escitalopram,Escitalopram,ACTIVE_COMPARATOR,62,30,32,0.5161290322580645,True,32,True,
NCT00445679,FG000,0,Overall Study,DVS SR 50,,,203,155,48,0.2364532019704434,True,48,True,
NCT00445679,FG001,0,Overall Study,DVS SR 100,,,203,157,46,0.22660098522167482,True,46,True,
NCT00445679,FG002,0,Overall Study,DVS SR 200,,,205,139,66,0.3219512195121951,True,66,True,
NCT00445679,FG003,0,Overall Study,Paroxetine 20,,,196,149,47,0.23979591836734693,True,47,True,
NCT00497874,FG000,0,Overall Study,Intervention,,,443,296,147,0.3318284424379232,True,147,True,
NCT00497874,FG001,0,Overall Study,Usual Care,Usual care,NO_INTERVENTION,459,343,116,0.2527233115468409,True,116,True,
NCT00511810,FG000,0,Overall Study,High Dose Fish Oil,High Dose Fish Oil,EXPERIMENTAL,8,7,1,0.125,True,1,True,
NCT00511810,FG001,0,Overall Study,Low Dose Fish Oil,Low Dose Fish Oil,EXPERIMENTAL,12,7,5,0.41666666666666663,True,5,True,
NCT00521352,FG000,0,Overall Study,Active,,,12,11,1,0.08333333333333337,True,,,
NCT00521352,FG001,0,Overall Study,Sham,,,13,10,3,0.23076923076923073,True,,,
NCT00578669,FG000,0,Overall Study,Sequential Fluoxetine,,,107,107,0,0.0,True,,,
NCT00578669,FG001,0,Overall Study,Sequential Placebo,,,99,99,0,0.0,True,,,
NCT00612807,FG000,0,Overall Study,Semi-weekly Medication Management,,,14,12,2,0.1428571428571429,True,2,True,
NCT00612807,FG001,0,Overall Study,Semi-weekly Medication Management + Weekly Marital Therapy,,,28,28,0,0.0,True,0,True,
NCT00633399,FG000,0,Overall Study,Ziprasidone + Escitalopram,,,71,49,22,0.3098591549295775,True,,,
NCT00633399,FG001,0,Overall Study,Placebo + Escitalopram,,,68,53,15,0.22058823529411764,True,,,
NCT00635219,FG000,0,Overall Study,Placebo,Placebo,PLACEBO_COMPARATOR,148,123,25,0.16891891891891897,True,25,True,
NCT00635219,FG001,0,Overall Study,Vortioxetine 2.5 mg,,,155,130,25,0.16129032258064513,True,25,True,
NCT00635219,FG002,0,Overall Study,Vortioxetine 5 mg,,,157,122,35,0.22292993630573243,True,35,True,
NCT00635219,FG003,0,Overall Study,Vortioxetine 10 mg,,,151,117,34,0.22516556291390732,True,34,True,
NCT00635219,FG004,0,Overall Study,Duloxetine 60 mg,,,155,113,42,0.2709677419354839,True,42,True,
NCT00668525,FG000,0,Overall Study,Escitalopram Low Dose,,,325,248,77,0.2369230769230769,True,,,
NCT00668525,FG001,0,Overall Study,Escitalopram High Dose,,,332,239,93,0.2801204819277109,True,,,
NCT00668525,FG002,0,Overall Study,Placebo,,,220,167,53,0.24090909090909096,True,,,
NCT00672620,FG000,0,Overall Study,Placebo,Placebo,PLACEBO_COMPARATOR,153,120,33,0.21568627450980393,True,33,True,
NCT00672620,FG001,0,Overall Study,Vortioxetine 2.5 mg,Vortioxetine 2.5 mg,EXPERIMENTAL,153,99,54,0.3529411764705882,True,54,True,
NCT00672620,FG002,0,Overall Study,Vortioxetine 5 mg,Vortioxetine 5 mg,EXPERIMENTAL,153,122,31,0.20261437908496727,True,31,True,
NCT00672620,FG003,0,Overall Study,Duloxetine 60 mg,Duloxetine 60 mg,ACTIVE_COMPARATOR,152,110,42,0.2763157894736842,True,42,True,
NCT00672958,FG000,0,Overall Study,Placebo,Placebo,PLACEBO_COMPARATOR,300,236,64,0.21333333333333337,True,64,True,
NCT00672958,FG001,0,Overall Study,Vortioxetine,Vortioxetine,EXPERIMENTAL,300,244,56,0.18666666666666665,True,56,True,
NCT00683592,FG000,0,Overall Study,Vilazodone,,,240,193,47,0.1958333333333333,True,47,True,
NCT00683592,FG001,0,Overall Study,Placebo,,,241,195,46,0.1908713692946058,True,46,True,
NCT00733980,FG000,0,Overall Study,GSK561679,,,74,52,22,0.29729729729729726,True,22,True,
NCT00733980,FG001,0,Overall Study,Placebo,,,76,55,21,0.2763157894736842,True,21,True,
NCT00735709,FG000,0,Overall Study,Placebo,Placebo,PLACEBO_COMPARATOR,140,127,13,0.09285714285714286,True,13,True,
NCT00735709,FG001,0,Overall Study,Vortioxetine 1 mg,Vortioxetine 1 mg,EXPERIMENTAL,140,127,13,0.09285714285714286,True,13,True,
NCT00735709,FG002,0,Overall Study,Vortioxetine 5 mg,Vortioxetine 5 mg,EXPERIMENTAL,140,129,11,0.07857142857142863,True,11,True,
NCT00735709,FG003,0,Overall Study,Vortioxetine 10 mg,Vortioxetine 10 mg,EXPERIMENTAL,140,122,18,0.12857142857142856,True,18,True,
NCT00739908,FG000,0,Overall Study,Oral CX157 60 mg TID (Total Daily Dose of 180 mg),,,142,117,25,0.176056338028169,True,25,True,
NCT00739908,FG001,0,Overall Study,Oral Placebo TID,,,143,118,25,0.1748251748251748,True,25,True,
NCT00742573,FG000,0,Overall Study,1 Texas Medication Algorithm,1 Texas Medication Algorithm,ACTIVE_COMPARATOR,83,26,57,0.6867469879518072,True,,,
NCT00742573,FG001,0,Overall Study,2 Patient Choice,2 Patient Choice,EXPERIMENTAL,87,25,62,0.7126436781609196,True,,,
NCT00759395,FG000,0,Overall Study,AZD2327,AZD2327,EXPERIMENTAL,13,11,2,0.15384615384615385,True,2,True,
NCT00759395,FG001,0,Overall Study,Placebo,Placebo,PLACEBO_COMPARATOR,9,7,2,0.2222222222222222,True,2,True,
NCT00775203,FG000,0,Overall Study,Trazodone Contramid OAD,,,206,144,62,0.30097087378640774,True,62,True,
NCT00775203,FG001,0,Overall Study,Placebo,Placebo,PLACEBO_COMPARATOR,206,163,43,0.20873786407766992,True,43,True,
NCT00789854,FG000,0,Overall Study,Quetiapine XR Mono,,,228,179,49,0.2149122807017544,True,49,True,
NCT00789854,FG001,0,Overall Study,Add-on Quetiapine XR,,,231,196,35,0.1515151515151515,True,35,True,
NCT00789854,FG002,0,Overall Study,Add-on Lithium,,,229,182,47,0.20524017467248912,True,47,True,
NCT00798707,FG000,0,Overall Study,Placebo,Placebo,PLACEBO_COMPARATOR,235,209,26,0.11063829787234047,True,26,True,
NCT00798707,FG001,0,Overall Study,DVS SR 25 mg,,,237,204,33,0.1392405063291139,True,33,True,
NCT00798707,FG002,0,Overall Study,DVS SR 50 mg,,,237,215,22,0.09282700421940926,True,22,True,
NCT00807248,FG000,0,Overall Study,"Placebo (Orally, Once Daily)",,,71,50,21,0.295774647887324,True,21,True,
NCT00807248,FG001,0,Overall Study,"Escitalopram 20 mg and Placebo (Orally, Once Daily)",,,140,128,12,0.08571428571428574,True,12,True,
NCT00807248,FG002,0,Overall Study,"Escitalopram 20 mg and Gaboxadol 5 mg (Orally, Once Daily)",,,139,121,18,0.1294964028776978,True,18,True,
NCT00807248,FG003,0,Overall Study,"Escitalopram 20 mg and Gaboxadol 10 mg (Orally, Once Daily)",,,140,126,14,0.09999999999999998,True,14,True,
NCT00811252,FG000,0,Overall Study,Placebo,Placebo,PLACEBO_COMPARATOR,145,128,17,0.11724137931034484,True,17,True,
NCT00811252,FG001,0,Overall Study,Vortioxetine 5 mg,Vortioxetine 5 mg,EXPERIMENTAL,156,136,20,0.1282051282051282,True,20,True,
NCT00811252,FG002,0,Overall Study,Duloxetine 60 mg,Duloxetine 60 mg,OTHER,151,128,23,0.152317880794702,True,23,True,
NCT00824291,FG000,0,Overall Study,DVS SR 50 mg,,,285,231,54,0.18947368421052635,True,54,True,
NCT00824291,FG001,0,Overall Study,Placebo,,,142,107,35,0.24647887323943662,True,35,True,
NCT00839423,FG000,0,Overall Study,Placebo,Placebo,PLACEBO_COMPARATOR,105,87,18,0.17142857142857137,True,18,True,
NCT00839423,FG001,0,Overall Study,Vortioxetine 5 mg,,,108,98,10,0.09259259259259256,True,10,True,
NCT00839423,FG002,0,Overall Study,Vortioxetine 10 mg,,,100,82,18,0.18000000000000005,True,18,True,
NCT00839423,FG003,0,Overall Study,Venlafaxine 225 mg,,,113,93,20,0.17699115044247793,True,20,True,
NCT00854100,FG000,0,Overall Study,Placebo,Placebo,PLACEBO_COMPARATOR,81,72,9,0.11111111111111116,True,9,True,
NCT00854100,FG001,0,Overall Study,Cariprazine 0.1 - 0.3 mg,Cariprazine 0.1 - 0.3 mg,EXPERIMENTAL,76,70,6,0.07894736842105265,True,6,True,
NCT00854100,FG002,0,Overall Study,Cariprazine 1.0 - 2.0 mg,Cariprazine 1.0 - 2.0 mg,EXPERIMENTAL,74,63,11,0.14864864864864868,True,11,True,
NCT00863798,FG000,0,Overall Study,Placebo,Placebo,PLACEBO_COMPARATOR,227,195,32,0.1409691629955947,True,32,True,
NCT00863798,FG001,0,Overall Study,DVS SR 10 mg,,,228,198,30,0.13157894736842102,True,30,True,
NCT00863798,FG002,0,Overall Study,DVS SR 50 mg,,,227,202,25,0.11013215859030834,True,25,True,
NCT00876343,FG000,0,Overall Study,Variable Dose Group of Aripiprazole,,,194,177,17,0.08762886597938147,True,17,True,
NCT00876343,FG001,0,Overall Study,Fixed Dose Group of Aripiprazole,,,197,180,17,0.08629441624365486,True,17,True,
NCT00876343,FG002,0,Overall Study,Placebo Group,,,195,183,12,0.06153846153846154,True,12,True,
NCT00905424,FG000,0,Overall Study,Antidepressant + SPD489,,,89,78,11,0.1235955056179775,True,11,True,
NCT00905424,FG001,0,Overall Study,Antidepressant + Placebo .,,,88,79,9,0.10227272727272729,True,9,True,
NCT00962598,FG000,0,Overall Study,Corn Oil,Corn Oil,PLACEBO_COMPARATOR,7,7,0,0.0,True,,,
NCT00962598,FG001,0,Overall Study,Omega-3 Fatty Acids,Omega-3 Fatty Acids,EXPERIMENTAL,9,9,0,0.0,True,,,
NCT00969150,FG000,0,Overall Study,Placebo,,,182,149,33,0.18131868131868134,True,33,True,
NCT00969150,FG001,0,Overall Study,Levomilnacipran ER,,,175,135,40,0.22857142857142854,True,40,True,
NCT00969709,FG000,0,Overall Study,Placebo,,,176,138,38,0.21590909090909094,True,38,True,
NCT00969709,FG001,0,Overall Study,Levomilnacipran ER 40 mg,,,178,130,48,0.2696629213483146,True,48,True,
NCT00969709,FG002,0,Overall Study,Levomilnacipran ER 80 mg,,,179,121,58,0.3240223463687151,True,58,True,
NCT00969709,FG003,0,Overall Study,Levomilnacipran ER 120 mg,,,180,117,63,0.35,True,63,True,
NCT00976560,FG000,0,Overall Study,Placebo,Placebo,PLACEBO_COMPARATOR,64,50,14,0.21875,True,14,True,
NCT00976560,FG001,0,Overall Study,GW856553 7.5 mg BID,,,64,51,13,0.203125,True,13,True,
NCT00985725,FG000,0,Overall Study,Lisdexamfetamine Dimesylate (LDX),,,71,60,11,0.15492957746478875,True,11,True,
NCT00985725,FG001,0,Overall Study,Placebo,Placebo,PLACEBO_COMPARATOR,72,59,13,0.18055555555555558,True,13,True,
NCT01020799,FG000,0,Overall Study,AZD7268,AZD7268,EXPERIMENTAL,98,79,19,0.19387755102040816,True,19,True,
NCT01020799,FG001,0,Overall Study,Placebo,Placebo,PLACEBO_COMPARATOR,99,85,14,0.14141414141414144,True,14,True,
NCT01020799,FG002,0,Overall Study,Escitalopram,Escitalopram,ACTIVE_COMPARATOR,50,43,7,0.14,True,7,True,
NCT01034462,FG000,0,Overall Study,Placebo,,,217,172,45,0.2073732718894009,True,45,True,
NCT01034462,FG001,0,Overall Study,Levomilnacipran ER,,,217,163,54,0.24884792626728114,True,54,True,
NCT01138007,FG000,0,Overall Study,Placebo,,,187,165,22,0.11764705882352944,True,22,True,
NCT01138007,FG001,0,Overall Study,323U66 SR 150 mg,,,190,160,30,0.1578947368421053,True,30,True,
NCT01138007,FG002,0,Overall Study,323U66 SR 300 mg,,,192,144,48,0.25,True,48,True,
NCT01140906,FG000,0,Overall Study,Placebo,Placebo,PLACEBO_COMPARATOR,158,133,25,0.15822784810126578,True,25,True,
NCT01140906,FG001,0,Overall Study,Vortioxetine 15 mg,,,151,117,34,0.22516556291390732,True,34,True,
NCT01140906,FG002,0,Overall Study,Vortioxetine 20 mg,,,151,125,26,0.17218543046357615,True,26,True,
NCT01140906,FG003,0,Overall Study,Duloxetine 60 mg,,,147,131,16,0.108843537414966,True,16,True,
NCT01152554,FG000,0,Overall Study,TC-5214,,,610,276,334,0.5475409836065575,True,334,True,
NCT01152554,FG001,0,Overall Study,Placebo,,,203,92,111,0.5467980295566502,True,111,True,
NCT01153009,FG000,0,Overall Study,Placebo,Placebo,PLACEBO_COMPARATOR,161,129,32,0.19875776397515532,True,32,True,
NCT01153009,FG001,0,Overall Study,Vortioxetine 15 mg,Vortioxetine 15 mg,EXPERIMENTAL,147,113,34,0.23129251700680276,True,34,True,
NCT01153009,FG002,0,Overall Study,Vortioxetine 20 mg,Vortioxetine 20 mg,EXPERIMENTAL,154,113,41,0.26623376623376627,True,41,True,
NCT01153009,FG003,0,Overall Study,Duloxetine 60 mg,Duloxetine 60 mg,ACTIVE_COMPARATOR,152,115,37,0.24342105263157898,True,37,True,
NCT01153347,FG000,0,Overall Study,0.5 mg BID TC-5214,,,160,127,33,0.20625000000000004,True,33,True,
NCT01153347,FG001,0,Overall Study,2 mg BID TC-5214,,,160,116,44,0.275,True,44,True,
NCT01153347,FG002,0,Overall Study,4 mg BID TC-5214,,,160,110,50,0.3125,True,50,True,
NCT01153347,FG003,0,Overall Study,Placebo,,,161,129,32,0.19875776397515532,True,32,True,
NCT01157078,FG000,0,Overall Study,TC-5214,TC-5214,EXPERIMENTAL,159,124,35,0.22012578616352196,True,35,True,
NCT01157078,FG001,0,Overall Study,Placebo,Placebo,PLACEBO_COMPARATOR,160,124,36,0.22499999999999998,True,36,True,
NCT01163266,FG000,0,Overall Study,Placebo,Placebo,PLACEBO_COMPARATOR,157,139,18,0.1146496815286624,True,18,True,
NCT01163266,FG001,0,Overall Study,Vortioxetine 10 mg,Vortioxetine 10 mg,EXPERIMENTAL,155,124,31,0.19999999999999996,True,31,True,
NCT01163266,FG002,0,Overall Study,Vortioxetine 20 mg,Vortioxetine 20 mg,EXPERIMENTAL,150,122,28,0.18666666666666665,True,28,True,
NCT01179516,FG000,0,Overall Study,Placebo,Placebo,PLACEBO_COMPARATOR,160,133,27,0.16874999999999996,True,27,True,
NCT01179516,FG001,0,Overall Study,Vortioxetine 10 mg,Vortioxetine 10 mg,EXPERIMENTAL,157,131,26,0.16560509554140124,True,26,True,
NCT01179516,FG002,0,Overall Study,Vortioxetine 15 mg,Vortioxetine 15 mg,EXPERIMENTAL,152,121,31,0.20394736842105265,True,31,True,
NCT01180400,FG000,0,Overall Study,TC-5214,TC-5214,EXPERIMENTAL,147,122,25,0.17006802721088432,True,25,True,
NCT01180400,FG001,0,Overall Study,Placebo,Placebo,PLACEBO_COMPARATOR,148,121,27,0.18243243243243246,True,27,True,
NCT01189812,FG000,0,Overall Study,Placebo (Sugar Pill),,,40,32,8,0.19999999999999996,True,8,True,
NCT01189812,FG001,0,Overall Study,Lithium,Lithium,ACTIVE_COMPARATOR,40,32,8,0.19999999999999996,True,8,True,
NCT01197508,FG000,0,Overall Study,0.1 mg BID TC-5214,0.1 mg BID TC-5214,EXPERIMENTAL,174,151,23,0.13218390804597702,True,23,True,
NCT01197508,FG001,0,Overall Study,1 mg BID TC-5214,1 mg BID TC-5214,EXPERIMENTAL,174,144,30,0.1724137931034483,True,30,True,
NCT01197508,FG002,0,Overall Study,4 mg BID TC-5214,4 mg BID TC-5214,EXPERIMENTAL,174,125,49,0.2816091954022989,True,49,True,
NCT01197508,FG003,0,Overall Study,Placebo,Placebo,PLACEBO_COMPARATOR,174,158,16,0.09195402298850575,True,16,True,
NCT01254305,FG000,0,Overall Study,Placebo,,,93,71,22,0.23655913978494625,True,22,True,
NCT01254305,FG001,0,Overall Study,Levomilnacipran ER,,,90,72,18,0.19999999999999996,True,18,True,
NCT01254305,FG002,0,Overall Study,SSRI,,,79,62,17,0.21518987341772156,True,17,True,
NCT01255787,FG000,0,Overall Study,Placebo,Placebo,EXPERIMENTAL,152,136,16,0.10526315789473684,True,16,True,
NCT01255787,FG001,0,Overall Study,Vortioxetine 5 mg,Vortioxetine 5 mg,EXPERIMENTAL,144,127,17,0.11805555555555558,True,17,True,
NCT01255787,FG002,0,Overall Study,Vortioxetine 10 mg,Vortioxetine 10 mg,EXPERIMENTAL,150,132,18,0.12,True,18,True,
NCT01255787,FG003,0,Overall Study,Vortioxetine 20 mg,Vortioxetine 20 mg,EXPERIMENTAL,154,132,22,0.1428571428571429,True,22,True,
NCT01312922,FG000,0,Overall Study,PNB01,PNB01,EXPERIMENTAL,185,117,68,0.3675675675675676,True,,,
NCT01312922,FG001,0,Overall Study,Citalopram,citalopram,ACTIVE_COMPARATOR,185,131,54,0.2918918918918919,True,,,
NCT01312922,FG002,0,Overall Study,Pipamperone,pipamperone,SHAM_COMPARATOR,185,135,50,0.2702702702702703,True,,,
NCT01355081,FG000,0,Overall Study,Vortioxetine 5 mg,Vortioxetine 5 mg,EXPERIMENTAL,119,112,7,0.05882352941176472,True,7,True,
NCT01355081,FG001,0,Overall Study,Vortioxetine 10 mg,Vortioxetine 10 mg,EXPERIMENTAL,123,113,10,0.08130081300813008,True,10,True,
NCT01355081,FG002,0,Overall Study,Placebo,Placebo,PLACEBO_COMPARATOR,124,113,11,0.08870967741935487,True,11,True,
NCT01368432,FG000,0,Overall Study,Placebo,Placebo,PLACEBO_COMPARATOR,6,6,0,0.0,True,0,True,
NCT01368432,FG001,0,Overall Study,Escitalopram,Escitalopram,EXPERIMENTAL,8,7,1,0.125,True,1,True,
NCT01370733,FG000,0,Overall Study,Active sTMS,Active sTMS,EXPERIMENTAL,103,86,17,0.16504854368932043,True,17,True,
NCT01370733,FG001,0,Overall Study,Sham,Sham,SHAM_COMPARATOR,99,77,22,0.2222222222222222,True,22,True,
NCT01371734,FG000,0,Overall Study,Placebo,,,120,97,23,0.19166666666666665,True,23,True,
NCT01371734,FG001,0,Overall Study,DVS SR Low Dose,,,122,103,19,0.15573770491803274,True,19,True,
NCT01371734,FG002,0,Overall Study,DVS SR High Dose,,,121,104,17,0.14049586776859502,True,17,True,
NCT01372150,FG000,0,Overall Study,Placebo,Placebo,EXPERIMENTAL,112,99,13,0.1160714285714286,True,13,True,
NCT01372150,FG001,0,Overall Study,Fluoxetine,Fluoxetine,OTHER,113,99,14,0.12389380530973448,True,14,True,
NCT01372150,FG002,0,Overall Study,Desvenlafaxine Succinate Sustained Release (DVS SR),,,115,99,16,0.13913043478260867,True,16,True,
NCT01377194,FG000,0,Overall Study,Placebo,,,186,154,32,0.17204301075268813,True,32,True,
NCT01377194,FG001,0,Overall Study,Levomilnacipran ER 40 mg,,,188,145,43,0.22872340425531912,True,43,True,
NCT01377194,FG002,0,Overall Study,Levomilnacipran ER 80 mg,,,188,142,46,0.24468085106382975,True,46,True,
NCT01407575,FG000,0,Overall Study,Buprenorphine,Buprenorphine,EXPERIMENTAL,7,5,2,0.2857142857142857,True,,,
NCT01407575,FG001,0,Overall Study,Placebo,Placebo,PLACEBO_COMPARATOR,6,5,1,0.16666666666666663,True,,,
NCT01421134,FG000,0,Overall Study,Lurasidone,Lurasidone,EXPERIMENTAL,109,102,7,0.06422018348623848,True,7,True,
NCT01421134,FG001,0,Overall Study,Placebo,Placebo,PLACEBO_COMPARATOR,102,87,15,0.1470588235294118,True,15,True,
NCT01422213,FG000,0,Overall Study,Placebo,Placebo,PLACEBO_COMPARATOR,196,163,33,0.16836734693877553,True,33,True,
NCT01422213,FG001,0,Overall Study,Vortioxetine 10 mg,Vortioxetine 10 mg,EXPERIMENTAL,195,173,22,0.11282051282051286,True,22,True,
NCT01422213,FG002,0,Overall Study,Vortioxetine 20 mg,Vortioxetine 20 mg,EXPERIMENTAL,207,178,29,0.14009661835748788,True,29,True,
NCT01441440,FG000,0,Overall Study,Placebo,Placebo,PLACEBO_COMPARATOR,183,166,17,0.09289617486338797,True,17,True,
NCT01441440,FG001,0,Overall Study,Venlafaxine 75 mg/Day Fixed,,,174,151,23,0.13218390804597702,True,23,True,
NCT01441440,FG002,0,Overall Study,Venlafaxine 75-225 mg/Day Flexible,,,180,158,22,0.12222222222222223,True,22,True,
NCT01469377,FG000,0,Overall Study,Placebo,Placebo,PLACEBO_COMPARATOR,269,234,35,0.13011152416356875,True,35,True,
NCT01469377,FG001,0,Overall Study,Cariprazine 1-2 mg,Cariprazine 1-2 mg,EXPERIMENTAL,274,226,48,0.17518248175182483,True,48,True,
NCT01469377,FG002,0,Overall Study,Cariprazine 2-4.5 mg,Cariprazine 2-4.5 mg,EXPERIMENTAL,276,210,66,0.23913043478260865,True,66,True,
NCT01482221,FG000,0,Overall Study,AZD6765 50 mg,,,101,80,21,0.20792079207920788,True,21,True,
NCT01482221,FG001,0,Overall Study,AZD6765 100 mg,,,101,81,20,0.19801980198019797,True,20,True,
NCT01482221,FG002,0,Overall Study,Placebo,,,100,77,23,0.22999999999999998,True,23,True,
NCT01488071,FG000,0,Overall Study,Vortioxetine 10 mg or 20 mg,Vortioxetine 10 mg or 20 mg,EXPERIMENTAL,253,200,53,0.20948616600790515,True,53,True,
NCT01488071,FG001,0,Overall Study,Agomelatine 25 mg or 50 mg,Agomelatine 25 mg or 50 mg,ACTIVE_COMPARATOR,242,179,63,0.2603305785123967,True,63,True,
NCT01558063,FG000,0,Overall Study,Ketamine Dose 1,Ketamine Dose 1,ACTIVE_COMPARATOR,5,5,0,0.0,True,,,
NCT01558063,FG001,0,Overall Study,Ketamine Dose 2,Ketamine Dose 2,ACTIVE_COMPARATOR,6,6,0,0.0,True,,,
NCT01558063,FG002,0,Overall Study,Ketamine Dose 3,Ketamine Dose 3,ACTIVE_COMPARATOR,8,8,0,0.0,True,,,
NCT01558063,FG003,0,Overall Study,Ketamine Dose 4,Ketamine Dose 4,ACTIVE_COMPARATOR,5,5,0,0.0,True,,,
NCT01558063,FG004,0,Overall Study,Ketamine Dose 5,Ketamine Dose 5,ACTIVE_COMPARATOR,9,9,0,0.0,True,,,
NCT01558063,FG005,0,Overall Study,Saline Solution,Saline Solution,PLACEBO_COMPARATOR,5,5,0,0.0,True,,,
NCT01564862,FG000,0,Overall Study,Vortioxetine (Lu AA21004),,,198,168,30,0.1515151515151515,True,30,True,
NCT01564862,FG001,0,Overall Study,Duloxetine,,,210,176,34,0.16190476190476188,True,34,True,
NCT01564862,FG002,0,Overall Study,Placebo,,,194,164,30,0.15463917525773196,True,30,True,
NCT01571453,FG000,0,Overall Study,Vortioxetine,,,211,173,38,0.1800947867298578,True,38,True,
NCT01571453,FG001,0,Overall Study,Venlafaxine,,,226,164,62,0.2743362831858407,True,62,True,
NCT01625845,FG000,0,Overall Study,Pentoxifylline + Standard Treatment,Pentoxifylline + Standard Treatment,EXPERIMENTAL,10,5,5,0.5,True,5,True,
NCT01625845,FG001,0,Overall Study,Placebo + Standard Treatment,Placebo + Standard Treatment,PLACEBO_COMPARATOR,6,3,3,0.5,True,3,True,
NCT01627782,FG000,0,Overall Study,Placebo: 2 Times Per Week,,,17,1,16,0.9411764705882353,True,16,True,
NCT01627782,FG001,0,Overall Study,Ketamine: 2 Times Per Week,,,18,12,6,0.33333333333333337,True,6,True,
NCT01627782,FG002,0,Overall Study,Placebo: 3 Times Per Week,,,16,1,15,0.9375,True,15,True,
NCT01627782,FG003,0,Overall Study,Ketamine: 3 Times Per Week,,,17,11,6,0.3529411764705882,True,6,True,
NCT01725282,FG000,0,Overall Study,Placebo,Placebo,PLACEBO_COMPARATOR,44,42,2,0.045454545454545414,True,2,True,
NCT01725282,FG001,0,Overall Study,Quetiapine 50 mg,Quetiapine 50 mg,EXPERIMENTAL,44,39,5,0.11363636363636365,True,5,True,
NCT01725282,FG002,0,Overall Study,Quetiapine 150 mg,Quetiapine 150 mg,EXPERIMENTAL,41,33,8,0.19512195121951215,True,8,True,
NCT01725282,FG003,0,Overall Study,Quetiapine 300 mg,Quetiapine 300 mg,EXPERIMENTAL,43,36,7,0.16279069767441856,True,7,True,
NCT01727726,FG000,0,Overall Study,Brexpiprazole + ADT,Brexpiprazole + ADT,EXPERIMENTAL,197,171,26,0.13197969543147203,True,,,
NCT01727726,FG001,0,Overall Study,Seroquel XR + ADT,Seroquel XR + ADT,ACTIVE_COMPARATOR,100,86,14,0.14,True,,,
NCT01727726,FG002,0,Overall Study,Placebo + ADT,Placebo + ADT,PLACEBO_COMPARATOR,206,186,20,0.09708737864077666,True,,,
NCT01874951,FG000,0,Overall Study,Placebo,Placebo,PLACEBO_COMPARATOR,6,6,0,0.0,True,,,
NCT01874951,FG001,0,Overall Study,Naltrexone,Naltrexone,EXPERIMENTAL,6,6,0,0.0,True,,,
NCT02014363,FG000,0,Overall Study,ETS6103 (Low Dose),ETS6103 (low dose),EXPERIMENTAL,55,38,17,0.3090909090909091,True,,,
NCT02014363,FG001,0,Overall Study,ETS6103 (High Dose),ETS6103 (high dose),EXPERIMENTAL,54,35,19,0.35185185185185186,True,,,
NCT02014363,FG002,0,Overall Study,Amitriptyline,Amitriptyline,ACTIVE_COMPARATOR,55,31,24,0.4363636363636364,True,,,
NCT02015546,FG000,0,Overall Study,Vilazodone 10mg,Vilazodone 10mg,EXPERIMENTAL,23,20,3,0.13043478260869568,True,3,True,
NCT02015546,FG001,0,Overall Study,Vilazodone 20mg,Vilazodone 20mg,EXPERIMENTAL,21,19,2,0.09523809523809523,True,2,True,
NCT02015546,FG002,0,Overall Study,Vilazodone 40mg,Vilazodone 40mg,EXPERIMENTAL,26,22,4,0.15384615384615385,True,4,True,
NCT02046564,FG000,0,Overall Study,ASC-01,ASC-01,EXPERIMENTAL,209,194,15,0.0717703349282297,True,15,True,
NCT02046564,FG001,0,Overall Study,Placebo,Placebo,PLACEBO_COMPARATOR,203,183,20,0.09852216748768472,True,20,True,
NCT02085135,FG000,0,Overall Study,1-Week Titration,,,34,23,11,0.32352941176470584,True,11,True,
NCT02085135,FG001,0,Overall Study,2-Week Titration,,,32,23,9,0.28125,True,9,True,
NCT02116361,FG000,0,Overall Study,Placebo (Normal Saline) for onabotulinumtoxinA 50 U,,,69,38,31,0.4492753623188406,True,31,True,
NCT02116361,FG001,0,Overall Study,onabotulinumtoxinA 50 U,onabotulinumtoxinA 50 U,EXPERIMENTAL,65,34,31,0.4769230769230769,True,31,True,
NCT02116361,FG002,0,Overall Study,Placebo (Normal Saline) for onabotulinumtoxinA 30 U,,,59,33,26,0.44067796610169496,True,26,True,
NCT02116361,FG003,0,Overall Study,onabotulinumtoxinA 30 U,onabotulinumtoxinA 30 U,EXPERIMENTAL,65,34,31,0.4769230769230769,True,31,True,
NCT02158546,FG000,0,Overall Study,Group 1 - ALKS 5461 2mg/2mg,,,152,133,19,0.125,True,19,True,
NCT02158546,FG001,0,Overall Study,Group 1 - Placebo,,,153,136,17,0.11111111111111116,True,17,True,
NCT02158546,FG002,0,Overall Study,Group 2 ALKS 5461 2mg/2mg,,,18,14,4,0.2222222222222222,True,4,True,
NCT02158546,FG003,0,Overall Study,Group 2 - Placebo,,,19,13,6,0.3157894736842105,True,6,True,
NCT02176291,FG000,0,Overall Study,Buprenorphine,Buprenorphine,EXPERIMENTAL,20,15,5,0.25,True,5,True,
NCT02176291,FG001,0,Overall Study,Placebo,Placebo,PLACEBO_COMPARATOR,11,11,0,0.0,True,0,True,
NCT02181231,FG000,0,Overall Study,Buprenorphine,,,12,10,2,0.16666666666666663,True,,,
NCT02181231,FG001,0,Overall Study,Placebo,,,6,6,0,0.0,True,,,
NCT02185131,FG000,0,Overall Study,Mirtazapine,Mirtazapine,ACTIVE_COMPARATOR,7,6,1,0.1428571428571429,True,,,
NCT02185131,FG001,0,Overall Study,Placebo,Placebo,ACTIVE_COMPARATOR,9,8,1,0.11111111111111116,True,,,
NCT02191397,FG000,0,Overall Study,Bupropion XL,,,266,183,83,0.3120300751879699,True,83,True,
NCT02191397,FG001,0,Overall Study,Escitalopram,,,268,198,70,0.26119402985074625,True,70,True,
NCT02376257,FG000,0,Overall Study,250 mg DCS,250 mg DCS,ACTIVE_COMPARATOR,13,13,0,0.0,True,,,
NCT02376257,FG001,0,Overall Study,100 mg Modafinil,100 mg modafinil,ACTIVE_COMPARATOR,12,12,0,0.0,True,,,
NCT02376257,FG002,0,Overall Study,Placebo,Placebo,PLACEBO_COMPARATOR,11,11,0,0.0,True,,,
NCT02389816,FG000,0,Overall Study,Placebo,Placebo,PLACEBO_COMPARATOR,164,149,15,0.09146341463414631,True,15,True,
NCT02389816,FG001,0,Overall Study,Vortioxetine 10 mg,Vortioxetine 10 mg,EXPERIMENTAL,165,152,13,0.07878787878787874,True,13,True,
NCT02389816,FG002,0,Overall Study,Vortioxetine 20 mg,Vortioxetine 20 mg,EXPERIMENTAL,164,152,12,0.07317073170731703,True,12,True,
NCT02395978,FG000,0,Overall Study,Part I: 1 PDC-1421 Capsule,Part I: 1 PDC-1421 Capsule,EXPERIMENTAL,6,6,0,0.0,True,,,
NCT02395978,FG001,0,Overall Study,Part I: 2 PDC-1421 Capsule,Part I: 2 PDC-1421 Capsule,EXPERIMENTAL,6,6,0,0.0,True,,,
NCT02395978,FG002,0,Overall Study,Part II: 2 PDC-1421 Capsule,Part II: 2 PDC-1421 Capsule,EXPERIMENTAL,21,19,2,0.09523809523809523,True,,,
NCT02395978,FG003,0,Overall Study,Part II: 1 PDC-1421 Capsule Plus 1 Placebo,Part II: 1 PDC-1421 Capsule plus 1 placebo,EXPERIMENTAL,19,14,5,0.26315789473684215,True,,,
NCT02395978,FG004,0,Overall Study,Part II: 2 Placebo,Part II: 2 placebo,PLACEBO_COMPARATOR,20,15,5,0.25,True,,,
NCT02458690,FG000,0,Overall Study,eIMPACT,eIMPACT,EXPERIMENTAL,107,99,8,0.07476635514018692,True,,,
NCT02458690,FG001,0,Overall Study,Usual Care,Usual Care,ACTIVE_COMPARATOR,109,100,9,0.08256880733944949,True,,,
NCT02461927,FG000,0,Overall Study,Ketamine + Naltrexone,Ketamine + Naltrexone,EXPERIMENTAL,22,16,6,0.2727272727272727,True,,,
NCT02461927,FG001,0,Overall Study,Ketamine + Placebo,Ketamine + Placebo,EXPERIMENTAL,21,10,11,0.5238095238095238,True,,,
NCT02461927,FG002,0,Overall Study,Placebo (Psychoactive Placebo Midazolam) + Placebo,Placebo (psychoactive placebo midazolam) + Placebo,PLACEBO_COMPARATOR,22,15,7,0.31818181818181823,True,,,
NCT02473289,FG000,0,Overall Study,Placebo,Placebo,PLACEBO_COMPARATOR,99,88,11,0.11111111111111116,True,11,True,
NCT02473289,FG001,0,Overall Study,Sirukumab 50 mg,,,94,81,13,0.13829787234042556,True,13,True,
NCT02553915,FG000,0,Overall Study,Placebo,Placebo,PLACEBO_COMPARATOR,15,11,4,0.2666666666666667,True,,,
NCT02553915,FG001,0,Overall Study,EPA 1 g/Day,EPA 1 g/day,EXPERIMENTAL,15,14,1,0.06666666666666665,True,,,
NCT02553915,FG002,0,Overall Study,EPA 2 g/Day,EPA 2 g/day,EXPERIMENTAL,15,12,3,0.19999999999999996,True,,,
NCT02553915,FG003,0,Overall Study,EPA 4 g/Day,EPA 4 g/day,EXPERIMENTAL,16,13,3,0.1875,True,,,
NCT02646449,FG000,0,Overall Study,Mirtazapine,Mirtazapine,ACTIVE_COMPARATOR,4,4,0,0.0,True,,,
NCT02646449,FG001,0,Overall Study,Placebo,Placebo,PLACEBO_COMPARATOR,3,3,0,0.0,True,,,
NCT02674529,FG000,0,Overall Study,Antidepressant Treatment,Antidepressant Treatment,ACTIVE_COMPARATOR,25,22,3,0.12,True,3,True,
NCT02674529,FG001,0,Overall Study,Placebo,Placebo,PLACEBO_COMPARATOR,29,24,5,0.1724137931034483,True,5,True,
NCT02720198,FG000,0,Overall Study,Levomilnacipran,Levomilnacipran,ACTIVE_COMPARATOR,29,29,0,0.0,True,0,True,
NCT02720198,FG001,0,Overall Study,Quetiapine,Quetiapine,ACTIVE_COMPARATOR,31,30,1,0.032258064516129004,True,1,True,
NCT02914769,FG000,0,Overall Study,Placebo,placebo,PLACEBO_COMPARATOR,18,15,3,0.16666666666666663,True,3,True,
NCT02914769,FG001,0,Overall Study,Ayahuasca,Ayahuasca,EXPERIMENTAL,17,14,3,0.17647058823529416,True,3,True,
NCT02932943,FG000,0,Overall Study,Placebo,Placebo,PLACEBO_COMPARATOR,227,222,5,0.022026431718061623,True,5,True,
NCT02932943,FG001,0,Overall Study,Rapastinel 450 mg,Rapastinel 450 mg,EXPERIMENTAL,231,224,7,0.030303030303030276,True,7,True,
NCT02943564,FG000,0,Overall Study,Placebo,Placebo,PLACEBO_COMPARATOR,217,207,10,0.04608294930875578,True,10,True,
NCT02943564,FG001,0,Overall Study,Rapastinel 225 mg,Rapastinel 225 mg,EXPERIMENTAL,211,198,13,0.06161137440758291,True,13,True,
NCT02943564,FG002,0,Overall Study,Rapastinel 450 mg,Rapastinel 450 mg,EXPERIMENTAL,210,201,9,0.042857142857142816,True,9,True,
NCT02943577,FG000,0,Overall Study,Placebo,Placebo,PLACEBO_COMPARATOR,209,204,5,0.02392344497607657,True,5,True,
NCT02943577,FG001,0,Overall Study,Rapastinel 450 mg,Rapastinel 450 mg,EXPERIMENTAL,206,201,5,0.024271844660194164,True,5,True,
NCT03000530,FG000,0,Overall Study,Part A: SAGE-217,Part A: SAGE-217,EXPERIMENTAL,13,13,0,0.0,True,0,True,
NCT03000530,FG001,0,Overall Study,Part B: Placebo,Part B: Placebo,PLACEBO_COMPARATOR,44,39,5,0.11363636363636365,True,5,True,
NCT03000530,FG002,0,Overall Study,Part B: SAGE-217,Part B: SAGE-217,EXPERIMENTAL,45,41,4,0.0888888888888889,True,4,True,
NCT03018340,FG000,0,Overall Study,Pimavanserin 34 mg + SSRI/SNRI,Pimavanserin 34 mg + SSRI/SNRI,EXPERIMENTAL,52,44,8,0.15384615384615385,True,8,True,
NCT03018340,FG001,0,Overall Study,Placebo + SSRI/SNRI,Placebo + SSRI/SNRI,PLACEBO_COMPARATOR,155,125,30,0.19354838709677424,True,30,True,
NCT03039192,FG000,0,Overall Study,Placebo Plus SOC Antidepressant Treatment,,,112,80,32,0.2857142857142857,True,32,True,
NCT03039192,FG001,0,Overall Study,Esketamine 84 mg Plus SOC Antidepressant Treatment,,,114,84,30,0.26315789473684215,True,30,True,
NCT03051256,FG000,0,Overall Study,REL-1017 25 mg,REL-1017 25 mg,EXPERIMENTAL,19,19,0,0.0,True,,,
NCT03051256,FG001,0,Overall Study,REL-1017 50 mg,REL-1017 50 mg,EXPERIMENTAL,21,21,0,0.0,True,,,
NCT03051256,FG002,0,Overall Study,Placebo,Placebo,PLACEBO_COMPARATOR,22,21,1,0.045454545454545414,True,,,
NCT03097133,FG000,0,Overall Study,Placebo + Standard of Care (SOC),,,115,85,30,0.26086956521739135,True,30,True,
NCT03097133,FG001,0,Overall Study,Esketamine 84 mg + SOC,,,115,81,34,0.29565217391304344,True,34,True,
NCT03113968,FG000,0,Overall Study,Electroconvulsive Therapy (ECT),electroconvulsive therapy (ECT),ACTIVE_COMPARATOR,203,172,31,0.15270935960591137,True,31,True,
NCT03113968,FG001,0,Overall Study,Ketamine Infusion,ketamine infusion,ACTIVE_COMPARATOR,200,196,4,0.020000000000000018,True,4,True,
NCT03181529,FG000,0,Overall Study,Immediate Treatment,Immediate Treatment,EXPERIMENTAL,15,13,2,0.1333333333333333,True,2,True,
NCT03181529,FG001,0,Overall Study,Delayed Treatment,Delayed Treatment,EXPERIMENTAL,12,11,1,0.08333333333333337,True,1,True,
NCT03193398,FG000,0,Overall Study,BTRX-246040,BTRX-246040,EXPERIMENTAL,53,38,15,0.28301886792452835,True,,,
NCT03193398,FG001,0,Overall Study,Placebo,Placebo,PLACEBO_COMPARATOR,51,35,16,0.3137254901960784,True,,,
NCT03429075,FG000,0,Overall Study,Psilocybin,Psilocybin,EXPERIMENTAL,30,30,0,0.0,True,,,
NCT03429075,FG001,0,Overall Study,Escitalopram,Escitalopram,ACTIVE_COMPARATOR,29,29,0,0.0,True,,,
NCT03433339,FG000,0,Overall Study,Active Treatment,Active Treatment,EXPERIMENTAL,10,8,2,0.19999999999999996,True,2,True,
NCT03433339,FG001,0,Overall Study,Sham Treatment,Sham Treatment,SHAM_COMPARATOR,10,6,4,0.4,True,4,True,
NCT03446846,FG000,0,Overall Study,5.0 mg MIN-117,5.0 mg MIN-117,EXPERIMENTAL,90,83,7,0.07777777777777772,True,,,
NCT03446846,FG001,0,Overall Study,2.5 mg MIN-117,2.5 mg MIN-117,EXPERIMENTAL,92,87,5,0.05434782608695654,True,,,
NCT03446846,FG002,0,Overall Study,Placebo,Placebo,PLACEBO_COMPARATOR,178,162,16,0.0898876404494382,True,,,
NCT03586427,FG000,0,Overall Study,AGN-241751 Dose 1,AGN-241751 Dose 1,EXPERIMENTAL,48,48,0,0.0,True,0,True,
NCT03586427,FG001,0,Overall Study,AGN-241751 Dose 2,AGN-241751 Dose 2,EXPERIMENTAL,50,46,4,0.07999999999999996,True,4,True,
NCT03586427,FG002,0,Overall Study,AGN-241751 Dose 3,AGN-241751 Dose 3,EXPERIMENTAL,52,46,6,0.11538461538461542,True,6,True,
NCT03586427,FG003,0,Overall Study,AGN-241751 Dose 4,AGN-241751 Dose 4,EXPERIMENTAL,50,46,4,0.07999999999999996,True,4,True,
NCT03586427,FG004,0,Overall Study,Placebo,Placebo,PLACEBO_COMPARATOR,51,46,5,0.0980392156862745,True,5,True,
NCT03595579,FG000,0,Overall Study,AXS-05,AXS-05,EXPERIMENTAL,48,38,10,0.20833333333333337,True,,,
NCT03595579,FG001,0,Overall Study,Bupropion,Bupropion,ACTIVE_COMPARATOR,49,35,14,0.2857142857142857,True,,,
NCT03697603,FG000,0,Overall Study,Brexpiprazole 1 mg,,,250,238,12,0.04800000000000004,True,12,True,
NCT03697603,FG001,0,Overall Study,Brexpiprazole 2 mg,,,246,219,27,0.1097560975609756,True,27,True,
NCT03697603,FG002,0,Overall Study,Placebo,Placebo,PLACEBO_COMPARATOR,244,232,12,0.049180327868852514,True,12,True,
NCT03726658,FG000,0,Overall Study,AGN-241751 3mg Daily,,,26,25,1,0.038461538461538436,True,1,True,
NCT03726658,FG001,0,Overall Study,AGN-241751 10mg Daily,,,26,26,0,0.0,True,0,True,
NCT03726658,FG002,0,Overall Study,AGN-241751 25mg Daily,,,26,24,2,0.07692307692307687,True,2,True,
NCT03726658,FG003,0,Overall Study,Placebo Daily,,,25,25,0,0.0,True,0,True,
NCT03726658,FG004,0,Overall Study,AGN-241751 3mg Two Times Per Day,,,40,34,6,0.15000000000000002,True,6,True,
NCT03726658,FG005,0,Overall Study,AGN-241751 25mg Two Times Per Day,,,40,35,5,0.125,True,5,True,
NCT03726658,FG006,0,Overall Study,Placebo 2 Times Per Day,,,41,36,5,0.12195121951219512,True,5,True,
NCT03866174,FG000,0,Overall Study,Psilocybin,Psilocybin,EXPERIMENTAL,51,50,1,0.019607843137254943,True,1,True,
NCT03866174,FG001,0,Overall Study,Niacin,Niacin,ACTIVE_COMPARATOR,53,42,11,0.2075471698113207,True,11,True,
NCT03968159,FG000,0,Overall Study,Pimavanserin,,,148,135,13,0.08783783783783783,True,13,True,
NCT03968159,FG001,0,Overall Study,Placebo,Placebo,PLACEBO_COMPARATOR,150,135,15,0.09999999999999998,True,15,True,
NCT04019704,FG000,0,Overall Study,AXS-05,AXS-05,EXPERIMENTAL,163,123,40,0.245398773006135,True,,,
NCT04019704,FG001,0,Overall Study,Placebo,Placebo,PLACEBO_COMPARATOR,164,147,17,0.10365853658536583,True,,,
NCT04080752,FG000,0,Overall Study,Placebo,Placebo,PLACEBO_COMPARATOR,112,99,13,0.1160714285714286,True,13,True,
NCT04080752,FG001,0,Overall Study,JNJ-61393215 135 Milligrams (mg),,,110,104,6,0.054545454545454564,True,6,True,
NCT04103892,FG000,0,Overall Study,Part A - CLE-100 (Oral Esketamine),Part A - CLE-100 (oral esketamine),EXPERIMENTAL,13,12,1,0.07692307692307687,True,1,True,
NCT04103892,FG001,0,Overall Study,Part A - Placebo,Part A - Placebo,PLACEBO_COMPARATOR,3,3,0,0.0,True,0,True,
NCT04103892,FG002,0,Overall Study,Part B - CLE-100 (Oral Esketamine),Part B - CLE-100 (oral esketamine),EXPERIMENTAL,72,66,6,0.08333333333333337,True,6,True,
NCT04103892,FG003,0,Overall Study,Part B - Placebo,Part B - Placebo,PLACEBO_COMPARATOR,58,48,10,0.1724137931034483,True,10,True,
NCT04116528,FG000,0,Overall Study,Buprenorphrine After Ketamine Infusion,,,25,23,2,0.07999999999999996,True,,,
NCT04116528,FG001,0,Overall Study,Placebo After Ketamine Infusion,,,25,22,3,0.12,True,,,
NCT04221230,FG000,0,Overall Study,NMRA-335140,,,102,72,30,0.2941176470588235,True,30,True,
NCT04221230,FG001,0,Overall Study,Placebo,Placebo,PLACEBO_COMPARATOR,102,64,38,0.37254901960784315,True,38,True,
NCT04244253,FG000,0,Overall Study,OPC-64005 10-mg,,,31,28,3,0.09677419354838712,True,3,True,
NCT04244253,FG001,0,Overall Study,OPC-64005 20-mg,,,121,116,5,0.04132231404958675,True,5,True,
NCT04244253,FG002,0,Overall Study,Placebo,Placebo,PLACEBO_COMPARATOR,121,109,12,0.09917355371900827,True,12,True,
NCT04338321,FG000,0,Overall Study,Esketamine Nasal Spray + Oral Antidepressant (AD),,,336,274,62,0.18452380952380953,True,62,True,
NCT04338321,FG001,0,Overall Study,Quetiapine Extended Release (XR) + Oral AD,,,340,232,108,0.3176470588235294,True,108,True,
NCT04345471,FG000,0,Overall Study,Placebo,Placebo,PLACEBO_COMPARATOR,204,185,19,0.09313725490196079,True,19,True,
NCT04345471,FG001,0,Overall Study,MD-120 50 mg,MD-120 50 mg,EXPERIMENTAL,207,195,12,0.05797101449275366,True,12,True,
NCT04345471,FG002,0,Overall Study,MD-120 100 mg,MD-120 100 mg,EXPERIMENTAL,204,186,18,0.08823529411764708,True,18,True,
NCT04395183,FG000,0,Overall Study,5-HTP + Placebo,5-HTP + Placebo,ACTIVE_COMPARATOR,11,10,1,0.09090909090909094,True,1,True,
NCT04395183,FG001,0,Overall Study,Creatine + Placebo,Creatine + Placebo,ACTIVE_COMPARATOR,10,10,0,0.0,True,0,True,
NCT04395183,FG002,0,Overall Study,Creatine + 5-HTP,Creatine + 5-HTP,ACTIVE_COMPARATOR,11,9,2,0.18181818181818177,True,2,True,
NCT04395183,FG003,0,Overall Study,Double Placebo,Double Placebo,PLACEBO_COMPARATOR,11,9,2,0.18181818181818177,True,2,True,
NCT04437485,FG000,0,Overall Study,eIMPACT-DM Intervention,eIMPACT-DM intervention,EXPERIMENTAL,24,21,3,0.125,True,,,
NCT04437485,FG001,0,Overall Study,Active Control,Active Control,ACTIVE_COMPARATOR,22,18,4,0.18181818181818177,True,,,
NCT04442490,FG000,0,Overall Study,Placebo,Placebo,PLACEBO_COMPARATOR,272,235,37,0.13602941176470584,True,37,True,
NCT04442490,FG001,0,Overall Study,SAGE-217 50 mg,SAGE-217 50 mg,EXPERIMENTAL,271,242,29,0.1070110701107011,True,29,True,
NCT04476030,FG000,0,Overall Study,Placebo + Assigned ADT,Placebo + Assigned ADT,ACTIVE_COMPARATOR,220,177,43,0.19545454545454544,True,43,True,
NCT04476030,FG001,0,Overall Study,SAGE-217 + Assigned ADT,SAGE-217 + Assigned ADT,EXPERIMENTAL,220,180,40,0.18181818181818177,True,40,True,
NCT04479852,FG000,0,Overall Study,SP-624,SP-624,EXPERIMENTAL,163,133,30,0.18404907975460127,True,,,
NCT04479852,FG001,0,Overall Study,Placebo,Placebo,PLACEBO_COMPARATOR,156,130,26,0.16666666666666663,True,,,
NCT04504253,FG000,0,Overall Study,Creatine Monohydrate,Creatine monohydrate,EXPERIMENTAL,9,6,3,0.33333333333333337,True,,,
NCT04504253,FG001,0,Overall Study,Placebo,Placebo,PLACEBO_COMPARATOR,9,6,3,0.33333333333333337,True,,,
NCT04521478,FG000,0,Overall Study,Placebo,Placebo,PLACEBO_COMPARATOR,129,116,13,0.10077519379844957,True,13,True,
NCT04521478,FG001,0,Overall Study,5 mg BI 1358894,5 mg BI 1358894,EXPERIMENTAL,36,31,5,0.13888888888888884,True,5,True,
NCT04521478,FG002,0,Overall Study,25 mg BI 1358894,25 mg BI 1358894,EXPERIMENTAL,39,33,6,0.15384615384615385,True,6,True,
NCT04521478,FG003,0,Overall Study,75 mg BI 1358894,75 mg BI 1358894,EXPERIMENTAL,39,34,5,0.1282051282051282,True,5,True,
NCT04521478,FG004,0,Overall Study,125 mg BI 1358894,125 mg BI 1358894,EXPERIMENTAL,74,67,7,0.09459459459459463,True,7,True,
NCT04521478,FG005,0,Overall Study,Quetiapine,Quetiapine,ACTIVE_COMPARATOR,72,59,13,0.18055555555555558,True,13,True,
NCT04688164,FG000,0,Overall Study,REL-1017,REL-1017,EXPERIMENTAL,113,106,7,0.06194690265486724,True,,,
NCT04688164,FG001,0,Overall Study,Placebo,Placebo,PLACEBO_COMPARATOR,114,99,15,0.13157894736842102,True,,,
NCT04985942,FG000,0,Overall Study,Lumateperone 42 mg,Lumateperone 42 mg,EXPERIMENTAL,241,220,21,0.08713692946058094,True,21,True,
NCT04985942,FG001,0,Overall Study,Placebo,Placebo,PLACEBO_COMPARATOR,243,232,11,0.04526748971193417,True,11,True,
NCT05061706,FG000,0,Overall Study,Lumateperone 42 mg,Lumateperone 42 mg,EXPERIMENTAL,242,205,37,0.15289256198347112,True,37,True,
NCT05061706,FG001,0,Overall Study,Placebo,Placebo,PLACEBO_COMPARATOR,238,224,14,0.05882352941176472,True,14,True,
NCT05081167,FG000,0,Overall Study,REL-1017,REL-1017,EXPERIMENTAL,116,108,8,0.06896551724137934,True,,,
NCT05081167,FG001,0,Overall Study,Placebo,Placebo,PLACEBO_COMPARATOR,116,102,14,0.12068965517241381,True,,,
NCT05165394,FG000,0,Overall Study,Placebo,Placebo,PLACEBO_COMPARATOR,47,41,6,0.12765957446808507,True,6,True,
NCT05165394,FG001,0,Overall Study,NBI-1065846,,,46,42,4,0.08695652173913049,True,4,True,
NCT05455684,FG000,0,Overall Study,Placebo,Placebo,PLACEBO_COMPARATOR,259,244,15,0.05791505791505791,True,15,True,
NCT05455684,FG001,0,Overall Study,Aticaprant 10 mg,,,254,240,14,0.055118110236220486,True,14,True,
NCT05550532,FG000,0,Overall Study,Placebo,Placebo,PLACEBO_COMPARATOR,225,211,14,0.06222222222222218,True,14,True,
NCT05550532,FG001,0,Overall Study,Aticaprant 10 mg,,,219,209,10,0.045662100456621,True,10,True,
NCT05680727,FG000,0,Overall Study,Connectivity-based Targeting,,,20,20,0,0.0,True,,,
NCT05680727,FG001,0,Overall Study,Scalp-based Targeting,,,20,20,0,0.0,True,,,
NCT05686408,FG000,0,Overall Study,Placebo,Placebo,PLACEBO_COMPARATOR,68,58,10,0.1470588235294118,True,,,
NCT05686408,FG001,0,Overall Study,"TNX-601 ER, 39.4 mg","TNX-601 ER, 39.4 mg",EXPERIMENTAL,64,53,11,0.171875,True,,,
NCT06126497,FG000,0,Overall Study,"Ropanicant 45 mg, QD",,,14,12,2,0.1428571428571429,True,,,
NCT06126497,FG001,0,Overall Study,"Ropanicant 30 mg, BID",,,14,12,2,0.1428571428571429,True,,,
NCT06126497,FG002,0,Overall Study,"Ropanicant 45 mg, BID",,,13,13,0,0.0,True,,,
NCT06280235,FG000,0,Overall Study,Placebo,Placebo,PLACEBO_COMPARATOR,79,76,3,0.03797468354430378,True,3,True,
NCT06280235,FG001,0,Overall Study,5 mg BI 1569912,5 mg BI 1569912,EXPERIMENTAL,40,35,5,0.125,True,5,True,
NCT06280235,FG002,0,Overall Study,10 mg BI 1569912,10 mg BI 1569912,EXPERIMENTAL,41,38,3,0.07317073170731703,True,3,True,
NCT06280235,FG003,0,Overall Study,20 mg BI 1569912,20 mg BI 1569912,EXPERIMENTAL,83,75,8,0.09638554216867468,True,8,True,
NCT06340958,FG000,0,Overall Study,CLE-100,CLE-100,EXPERIMENTAL,50,40,10,0.19999999999999996,True,10,True,
NCT06340958,FG001,0,Overall Study,Placebo,Placebo,PLACEBO_COMPARATOR,49,42,7,0.1428571428571429,True,7,True,
NCT06558344,FG000,0,Overall Study,Placebo-matching BI 1569912,Placebo-matching BI 1569912,PLACEBO_COMPARATOR,76,63,13,0.17105263157894735,True,13,True,
NCT06558344,FG001,0,Overall Study,5 mg BI 1569912,5 mg BI 1569912,EXPERIMENTAL,35,29,6,0.17142857142857137,True,6,True,
NCT06558344,FG002,0,Overall Study,10 mg BI 1569912,10 mg BI 1569912,EXPERIMENTAL,41,35,6,0.14634146341463417,True,6,True,
NCT06558344,FG003,0,Overall Study,20 mg BI 1569912,20 mg BI 1569912,EXPERIMENTAL,73,66,7,0.09589041095890416,True,7,True,
