nct_id,sensitivity,observed_pp,fitted_pp,residual_pp,leverage
NCT00086307,False,28.205128205128204,21.15350995240574,7.051618252722463,0.038408324719666403
NCT00149643,False,100.0,23.02757543953107,76.97242456046894,0.0529897772090701
NCT00149825,False,26.66666666666667,20.31292254808603,6.353744118580643,0.0372373819332533
NCT00420004,False,49.46695095948827,19.051944341219162,30.41500661826911,0.05730928059995348
NCT00511810,False,30.000000000000004,14.331872417795342,15.668127582204658,0.09626544169808432
NCT00672620,False,26.186579378068743,15.217373073624618,10.969206304444123,0.03213951675006889
NCT00672958,False,19.999999999999996,15.159166949759413,4.840833050240581,0.03178864147235791
NCT00735709,False,9.82142857142857,14.938121073418412,-5.11669250198984,0.030601390033418347
NCT00742573,False,70.0,25.870401199526345,44.12959880047366,0.10666124016326549
NCT00759395,False,18.181818181818176,9.249436103905227,8.932382077912951,0.15319366560351097
NCT00811252,False,13.27433628318584,14.251671942402655,-0.9773356592168145,0.02838024335222955
NCT00854100,False,11.255411255411252,16.782994182069302,-5.5275829266580505,0.03928238965826461
NCT00962598,False,0.0,18.298926768480836,-18.298926768480836,0.047959696763911486
NCT01020799,False,16.194331983805665,16.997560997708327,-0.8032290139026621,0.03994991129669065
NCT01153009,False,23.452768729641694,15.233065649120558,8.219703080521134,0.03223684266930274
NCT01157078,False,22.257053291536057,13.135143323391201,9.121909968144857,0.029504306010725765
NCT01163266,False,16.666666666666664,14.32178183898493,2.3448848276817333,0.02850542056439959
NCT01179516,False,17.910447761194025,14.369961610441205,3.5404861507528214,0.028604853081708643
NCT01180400,False,17.627118644067796,12.884548329386984,4.742570314680814,0.03056272512154203
NCT01197508,False,16.954022988505745,15.634688976757669,1.319334011748074,0.03512210103543034
NCT01255787,False,12.16666666666667,15.159166949759413,-2.9925002830927454,0.03178864147235791
NCT01312922,False,30.990990990990998,14.909386401658477,16.08160458933252,0.03046394280187423
NCT01355081,False,7.650273224043714,13.575493719861324,-5.925220495817612,0.028360358349283646
NCT01368432,False,7.14285714285714,17.871106284051443,-10.728249141194304,0.05269548001347291
NCT01370733,False,19.3069306930693,11.671208972103248,7.635721720966055,0.03986697413574233
NCT01407575,False,23.076923076923073,12.951689434421475,10.125233642501598,0.12532213691081656
NCT01421134,False,10.426540284360186,11.810868127238958,-1.3843278428787702,0.03844319153164138
NCT01422213,False,14.046822742474918,15.148469462608272,-1.1016467201333562,0.03172588981369906
NCT01469377,False,18.192918192918196,20.83805561984795,-2.645137426929754,0.08854247030442587
NCT01488071,False,23.43434343434343,14.542827715325938,8.891515719017493,0.02905152319035271
NCT01558063,False,0.0,21.070287236324436,-21.070287236324432,0.03814408396270175
NCT01625845,False,50.0,18.298926768480836,31.701073231519164,0.047959696763911486
NCT01725282,False,12.790697674418606,15.838091277706019,-3.0473936032874125,0.0389207203002629
NCT01727726,False,11.928429423459242,14.594193856438455,-2.6657644329792145,0.029211350590064373
NCT01874951,False,0.0,17.377223780299982,-17.377223780299982,0.05923366825546508
NCT02015546,False,12.857142857142856,18.345592708753113,-5.488449851610257,0.06270755592423716
NCT02046564,False,8.495145631067958,13.95480283196628,-5.459657200898324,0.028106550247391456
NCT02176291,False,16.129032258064512,20.417977678634482,-4.28894542056997,0.03720190263793289
NCT02185131,False,12.5,18.298926768480836,-5.798926768480836,0.047959696763911486
NCT02376257,False,0.0,20.897061567506295,-20.89706156750629,0.037698603983639264
NCT02389816,False,8.113590263691684,14.529856465117238,-6.416266201425556,0.0290131264135935
NCT02395978,False,16.666666666666664,13.048049156784424,3.61861750988224,0.062372872114781444
NCT02458690,False,7.870370370370372,26.63766974240619,-18.767299372035815,0.12766464957344958
NCT02461927,False,36.92307692307693,22.79014132067906,14.132935602397868,0.05022801767306508
NCT02553915,False,18.032786885245898,17.904668343376887,0.12811854186901073,0.0626872353780718
NCT02646449,False,0.0,15.65033589635786,-15.65033589635786,0.091118713205895
NCT02674529,False,14.814814814814813,17.514146236241068,-2.6993314214262547,0.06343326086058976
NCT02720198,False,1.6666666666666718,17.851710205001655,-16.185043538334984,0.06274633834641043
NCT02914769,False,17.14285714285714,20.806805051837486,-3.6639479089803473,0.03752245089224086
NCT02932943,False,2.6200873362445365,14.293921711907725,-11.67383437566319,0.028452908191841042
NCT02943564,False,5.0156739811912265,15.355913711084778,-10.340239729893554,0.03303879797587307
NCT02943577,False,2.409638554216864,13.978047633506907,-11.568409079290046,0.028113014323535634
NCT03000530,False,8.823529411764708,14.163987032837577,-5.3404576210728685,0.048596761778381015
NCT03018340,False,18.357487922705317,16.431530432612348,1.9259574900929692,0.03865708797962274
NCT03051256,False,1.6129032258064502,12.568965267912612,-10.956062042106163,0.07008516398752654
NCT03113968,False,8.684863523573206,23.95382189534945,-15.268958371776243,0.14279249769882066
NCT03181529,False,11.111111111111116,19.97535857932544,-8.864247468214325,0.03770295512510828
NCT03193398,False,29.807692307692314,14.226200529864725,15.581491777827589,0.048001213622686195
NCT03429075,False,0.0,22.47984470310076,-22.47984470310076,0.04701866213336342
NCT03433339,False,30.000000000000004,19.0138551485733,10.986144851426705,0.04196813943816645
NCT03446846,False,7.777777777777772,18.20451831226405,-10.426740534486278,0.04774190980671196
NCT03586427,False,7.5697211155378525,17.049030288114587,-9.479309172576734,0.04014225253100069
NCT03595579,False,24.742268041237114,14.002953420578814,10.739314620658298,0.050222872447869285
NCT03866174,False,11.538461538461542,24.295983328280176,-12.757521789818634,0.07223783173175227
NCT04019704,False,17.431192660550455,13.214500802635893,4.216691857914563,0.029230741911018068
NCT04103892,False,11.64383561643836,15.31301189236387,-3.669176275925512,0.04053594190602198
NCT04345471,False,7.967479674796751,15.238279473583265,-7.270799798786516,0.0322694354818546
NCT04395183,False,11.627906976744185,21.466333300734306,-9.83842632399012,0.03969309339794174
NCT04437485,False,15.217391304347828,21.68240804430876,-6.465016739960934,0.040849421889018224
NCT04442490,False,12.154696132596687,14.839353134019301,-2.6846570014226128,0.030145226999329974
NCT04476030,False,18.86363636363636,14.165463303994063,4.698173059642299,0.02825803214611879
NCT04479852,False,17.554858934169282,17.817126054169158,-0.2622671199998763,0.04449387377029547
NCT04504253,False,33.333333333333336,13.994308449034754,19.33902488429858,0.10254395452911555
NCT04521478,False,12.596401028277636,18.452741033016757,-5.8563400047391205,0.05019434479888599
NCT04688164,False,9.691629955947134,12.045046806936764,-2.3534168509896283,0.036261806383119904
NCT04985942,False,6.6115702479338845,14.470827057741435,-7.859256809807552,0.028848391555200425
NCT05061706,False,10.624999999999996,14.444238569666947,-3.819238569666952,0.02877954693542938
NCT05081167,False,9.482758620689658,12.114851189551356,-2.632092568861699,0.035661505024993025
NCT05686408,False,15.909090909090907,14.99004427880512,0.9190466302857878,0.04217391206555307
NCT06280235,False,7.818930041152261,16.94525135532261,-9.126321314170351,0.03976720338405121
NCT06340958,False,17.17171717171717,14.068341290624266,3.1033758810929033,0.04954787248706226
NCT06558344,False,14.222222222222225,16.69867630466294,-2.476454082440714,0.03907937441458595
NCT00086307,True,28.205128205128204,17.774969418576198,10.430158786552006,0.04023281939934533
NCT00149825,True,26.66666666666667,17.35082014951136,9.315846517155308,0.03863982251254717
NCT00420004,True,49.46695095948827,16.95073868817918,32.516212271309094,0.058014982773332
NCT00511810,True,30.000000000000004,14.361439411432384,15.638560588567618,0.09626558143098357
NCT00672620,True,26.186579378068743,15.04444275008302,11.142136627985725,0.0321442967362589
NCT00672958,True,19.999999999999996,15.015072711029786,4.9849272889702085,0.03179196024550663
NCT00735709,True,9.82142857142857,14.903535889994847,-5.082107318566276,0.030601581223122183
NCT00742573,True,70.0,20.15505025781226,49.84494974218774,0.11188243787766412
NCT00759395,True,18.181818181818176,12.004522884215778,6.1772952976024005,0.15440692845327103
NCT00811252,True,13.27433628318584,14.557162751788999,-1.2828264686031616,0.028395160322772818
NCT00854100,True,11.255411255411252,15.805856494367575,-4.550445238956323,0.03943500418072893
NCT00962598,True,0.0,16.33458455826962,-16.33458455826962,0.048576460217714196
NCT01020799,True,16.194331983805665,15.914124067199591,0.2802079166060736,0.0401375366849552
NCT01153009,True,23.452768729641694,15.052361015800708,8.400407713840984,0.032242062097291906
NCT01157078,True,22.257053291536057,13.993777201149038,8.26327609038702,0.029622148083625344
NCT01163266,True,16.666666666666664,14.592539276867496,2.074127389799166,0.028517138338613718
NCT01179516,True,17.910447761194025,14.616850151313,3.293597609881026,0.02861459593582671
NCT01180400,True,17.627118644067796,13.867330286774658,3.7597883572931394,0.03071710783981299
NCT01197508,True,16.954022988505745,15.255014826673035,1.6990081618327082,0.03514514230435085
NCT01255787,True,12.16666666666667,15.015072711029786,-2.8484060443631183,0.03179196024550663
NCT01312922,True,30.990990990990998,14.889036755269343,16.101954235721657,0.030464008992740932
NCT01355081,True,7.650273224043714,14.21597217794193,-6.565698953898215,0.028425926568436215
NCT01368432,True,7.14285714285714,16.11871200911032,-8.975854866253183,0.05318632909783835
NCT01370733,True,19.3069306930693,13.25509532004209,6.05183537302721,0.040267963048663404
NCT01407575,True,23.076923076923073,13.665017361131122,9.411905715791951,0.1254034691609667
NCT01421134,True,10.426540284360186,13.32556547967643,-2.8990251953162414,0.038809912773349185
NCT01422213,True,14.046822742474918,15.00967490072158,-0.96285215824666,0.03172896895227415
NCT01469377,True,18.192918192918196,17.851986778985356,0.34093141393283943,0.0899676970554594
NCT01488071,True,23.43434343434343,14.704076097902439,8.730267336440992,0.029055679185846627
NCT01558063,True,0.0,17.73297633848235,-17.732976338482352,0.0399243203234118
NCT01625845,True,50.0,16.33458455826962,33.66541544173038,0.048576460217714196
NCT01725282,True,12.790697674418606,15.329071005834972,-2.538373331416363,0.03896213499752061
NCT01727726,True,11.928429423459242,14.72999477226705,-2.801565348807806,0.029214298333842967
NCT01874951,True,0.0,15.869505440116317,-15.869505440116317,0.059597017924771616
NCT02015546,True,12.857142857142856,16.38670950100529,-3.529566643862429,0.06332089611015039
NCT02046564,True,8.495145631067958,14.407366531250316,-5.912220900182357,0.028139287615762468
NCT02176291,True,16.129032258064512,17.4038295767341,-1.274797318669588,0.03865405942664601
NCT02185131,True,12.5,16.33458455826962,-3.8345845582696185,0.048576460217714196
NCT02376257,True,0.0,17.645568960695215,-17.645568960695215,0.039388460674277356
NCT02389816,True,8.113590263691684,14.697530976875639,-6.583940713183953,0.029017620262172333
NCT02395978,True,16.666666666666664,13.921252710952572,2.745413955714092,0.06249474730970882
NCT02458690,True,7.870370370370372,20.54220380064021,-12.671833430269837,0.13360344207976182
NCT02461927,True,36.92307692307693,18.600791926758443,18.322284996318484,0.05303330595985965
NCT02553915,True,18.032786885245898,16.164224907105673,1.868561978140228,0.06317141238428178
NCT02646449,True,0.0,14.998140689744222,-14.998140689744222,0.0911867023445229
NCT02674529,True,14.814814814814813,15.967172625041835,-1.1523578102270218,0.06381577733534076
NCT02720198,True,1.6666666666666718,16.137502932011284,-14.470836265344612,0.06321602800762091
NCT02914769,True,17.14285714285714,17.600026718505365,-0.45716957564822636,0.03916614960514568
NCT02932943,True,2.6200873362445365,14.578481425803917,-11.958394089559379,0.028465851079001774
NCT02943564,True,5.0156739811912265,15.114348520515135,-10.098674539323909,0.03304812521346185
NCT02943577,True,2.409638554216864,14.419095550186777,-12.009456995969911,0.028144106840778733
NCT03000530,True,8.823529411764708,14.484340180521276,-5.660810768756564,0.04861316549752895
NCT03018340,True,18.357487922705317,15.628512542187377,2.7289753805179444,0.03876015857290973
NCT03051256,True,1.6129032258064502,13.679513326991461,-12.06661010118501,0.0702822968593356
NCT03113968,True,8.684863523573206,19.216547657060005,-10.531684133486795,0.1463795803780772
NCT03181529,True,11.111111111111116,17.180489842541913,-6.069378731430797,0.03895150865058755
NCT03193398,True,29.807692307692314,14.515732286986857,15.291960020705456,0.048014612757164815
NCT03429075,True,0.0,18.444220363988432,-18.444220363988432,0.04962185172473636
NCT03433339,True,30.000000000000004,16.695327948298562,13.304672051701441,0.04282736803821352
NCT03446846,True,7.777777777777772,16.523138739713715,-8.745360961935944,0.04819378226041385
NCT03586427,True,7.5697211155378525,15.940094789331418,-8.370373673793566,0.040338813328785396
NCT03595579,True,24.742268041237114,14.403084752967374,10.339183288269744,0.050248463577360986
NCT03866174,True,11.538461538461542,19.360619856095596,-7.822158317634054,0.07613117430493213
NCT04019704,True,17.431192660550455,14.033819933937432,3.3973727266130247,0.029338039638912752
NCT04103892,True,11.64383561643836,15.064122903651445,-3.4202872872130854,0.04054584328537482
NCT04345471,True,7.967479674796751,15.05499184255772,-7.087512167760968,0.032274805189609145
NCT04395183,True,11.627906976744185,17.93281593621151,-6.304908959467326,0.04168880964819555
NCT04437485,True,15.217391304347828,18.04184438950442,-2.824453085156591,0.0429678883459842
NCT04442490,True,12.154696132596687,14.853698896140438,-2.699002763543753,0.030145259894458237
NCT04476030,True,18.86363636363636,14.513663014842942,4.349973348793419,0.028277411582676597
NCT04479852,True,17.554858934169282,16.327665738015217,1.2271931961540687,0.044848476608522966
NCT04504253,True,33.333333333333336,14.191109104462937,19.142224228870397,0.10255014519570456
NCT04521478,True,12.596401028277636,16.64838863643059,-4.051987608152949,0.05071473253781068
NCT04688164,True,9.691629955947134,13.44372893931663,-3.7520989833694944,0.036574502427762896
NCT04985942,True,6.6115702479338845,14.667745519868893,-8.056175271935007,0.028854589635588478
NCT05061706,True,10.624999999999996,14.654329321000839,-4.029329321000841,0.02878660195466614
NCT05081167,True,9.482758620689658,13.478951306094137,-3.9961926854044805,0.03595892958371343
NCT05686408,True,15.909090909090907,14.901157724160772,1.0079331849301347,0.04217517492925107
NCT06280235,True,7.818930041152261,15.88772931459097,-8.06879927343871,0.03994596043824744
NCT06340958,True,17.17171717171717,14.436078606007474,2.7356385657096993,0.04956948771085394
NCT06558344,True,14.222222222222225,15.763310810376566,-1.5410885881543415,0.03921921944034266
