nct_id,outcome_index,title,description,time_frame,population,parameter,dispersion,unit,scale_title_screen,change_title_screen,group_count,numeric_cells,cell_count,exact_flow_group_link,analysis_count
NCT01157078,0,Change in the Montgomery-Asberg Depression Rating Scale (MADRS) Total Score From Randomization to End of Treatment.,A 10-item scale for the evaluation of depressive symptoms. Each MADRS item is rated on a 0 to 6 scale. The MADRS total score is calculated as the sum of the 10 individual item scores; the total score can range from 0 to 60. Higher MADRS scores indicate higher levels of depressive symptoms.,Randomization (Week 8) to end of treatment (Week 16),Modified intent-to-treat analysis set including all randomized patients who received at least 1 dose of investigational product (TC-5214 or placebo) and who had a randomization and at least 1 post-randomization MADRS total score.,LEAST_SQUARES_MEAN,Standard Error,units on a scale,MADRS,True,2,2,2,True,1
NCT01180400,0,Change in the Montgomery-Asberg Depression Rating Scale (MADRS) Total Score From Randomization to End of Treatment.,A 10-item scale for the evaluation of depressive symptoms. Each MADRS item is rated on a 0 to 6 scale. The MADRS total score is calculated as the sum of the 10 individual item scores; the total score can range from 0 to 60. Higher MADRS scores indicate higher levels of depressive symptoms.,Randomization (Week 8) to end of treatment (Week 16),Modified intent-to-treat analysis set including all randomized patients who received at least 1 dose of investigational product (TC-5214 or placebo) and who had a randomization and at least 1 post-randomization MADRS total score.,LEAST_SQUARES_MEAN,Standard Error,units on a scale,MADRS,True,2,2,2,True,1
NCT01421134,0,Mean Change From Baseline to the 6-week Study Endpoint in Montgomery-Asberg Depression Rating Scale (MADRS) Total Scores,"The MADRS consists of 10 items, each rated on a Likert scale, from 0=""Normal"" to 6=""Most Severe"". The MADRS total score is calculated as the sum of the 10 items. The MADRS total score ranges from 0 to 60. Higher scores are associated with greater severity.",Baseline to Week 6,Intent to treat population,LEAST_SQUARES_MEAN,Standard Error,units on a scale,MADRS,True,2,2,2,True,1
NCT01488071,0,Change From Baseline in MADRS Total Score at Week 8,"The Montgomery Åsberg Depression Rating Scale (MADRS) is a depression rating scale consisting of 10 items, each rated 0 (no symptom) to 6 (severe symptom). The 10 items represent the core symptoms of depressive illness. The rating should be based on a clinical interview with the patient, moving from broadly phrased questions about symptoms to more detailed ones, which allow a precise rating of severity, covering the last 7 days. Total score from 0 to 60. The higher the score, the more severe, thus, a negative change (or decrease) from baseline indicates a reduction (or improvement) in symptoms.",Baseline and Week 8,full-analysis set (FAS),MEAN,Standard Error,units on a scale,MADRS,True,2,2,2,True,1
NCT02046564,0,The Mean Change From Baseline in the Montgomery-Åsberg Depression Rating Scale (MADRS) Total Score,"The MADRS is a clinician-rated scale which evaluates the level of depression. The MADRS consists of 10 items assessing apparent sadness, reported sadness, inner tension, reduced sleep, reduced appetite, concentration difficulties, lassitude, inability to feel, pessimistic thoughts, suicidal thought. Each item is scored from 0 to 6, with higher scores indicating worse condition.Summed subscales are combined to compute a total score. Total score ranges from 0 to 60, with higher score indicating worse condition.","8 weeks after the start of the sertraline treatment period (Baseline), 6 weeks after the start of the double-blind period (Last Observation Carried Forward [LOCF])",,MEAN,Standard Error,units on a scale,MADRS,True,2,2,2,True,0
NCT02932943,0,Change From Baseline in Montgomery-Asberg Depression Rating Scale (MADRS) Total Score at the End of Trial,"The MADRS is a clinician-rated scale to assess depressive symptomatology during the preceding week. Participants are rated on 10 items (feelings of sadness, lassitude, pessimism, inner tension, suicidality, reduced sleep or appetite, difficulty concentrating, and lack of interest) each on a 7-point scale from 0 (no symptoms) to 6 (symptoms of maximum severity). The total score ranges from 0 to 60 with a higher score indicating more depression. A negative change score indicates improvement.",Baseline and 3 Weeks,"The modified Intent-to-Treat (mITT) Population will consist of all patients who were randomized, received at least 1 dose of IP during the randomized treatment period, and had at least 1 post-randomization assessment of the MADRS total score.",LEAST_SQUARES_MEAN,Standard Error,Score on a Scale,MADRS,True,2,2,2,True,1
NCT02943577,0,Change From Baseline in Montgomery-Asberg Depression Rating Scale (MADRS) Total Score at the End of Study,"The MADRS is a clinician-rated scale to assess depressive symptomatology during the preceding week. Participants are rated on 10 items (feelings of sadness, lassitude, pessimism, inner tension, suicidality, reduced sleep or appetite, difficulty concentrating, and lack of interest) each on a 7-point scale from 0 (no symptoms) to 6 (symptoms of maximum severity). The total score ranges from 0 to 60 with a higher score indicating more depression. A negative change score indicates improvement.",Baseline and 3 Weeks,"The modified Intent-to-Treat (mITT) Population will consist of all patients who were randomized, received at least 1 dose of IP during the randomized treatment period, and had at least 1 post-randomization assessment of the MADRS total score",LEAST_SQUARES_MEAN,Standard Error,Score on a Scale,MADRS,True,2,2,2,True,1
NCT03193398,0,Change in Investigator-administered MADRS Total Score From Baseline BTRX-246040 and Placebo,"The Investigator-administered MADRS includes 10 items assessing the following symptoms: apparent sadness, reported sadness, inner tension, reduced sleep, reduced appetite, concentration difficulties, lassitude, inability to feel, pessimistic thoughts, and suicidal thoughts. Each item is scored from 0 (absence of symptom) to 6 (severe symptom); the overall score ranges from 0 to 60. MADRS total scores from 0 to 6 indicate normal/symptom absent, from 7 to 19 indicate mild depression, from 20 to 34 indicate moderate depression, and from 35 to 60 indicate severe depression.",Week 8,The full analysis set (FAS) contained all patients in the randomized set who received at least 1 dose of study medication and had at least 1 post-dose efficacy assessment,LEAST_SQUARES_MEAN,Standard Error,Change in score on a scale from baseline,MADRS,True,2,2,2,True,1
NCT03433339,0,Montgomery Asberg Depression Rating Scale (MADRS) Score Change,"Difference in change from baseline to week 8 (or last available observation) in Montgomery Asberg Depression Rating Scale summed total scores scores between active and sham transcutaneous spinal direct current stimulation (tsDCS) groups. Scores range from 0 to 60, with higher scores indicating worse depressive symptom severity.",8 weeks (or last available observation).,All participants with at least one post baseline Montgomery Asberg Depression Rating Scale total scores assessment were included in the analysis.,LEAST_SQUARES_MEAN,Standard Error,summed total scores,MADRS,True,2,2,2,True,1
NCT03595579,0,MADRS Score - Overall Change From Baseline,"The primary objective of the study was to assess the effect of AXS-05 versus bupropion as measured by the Montgomery-Åsberg Depression Rating Scale (MADRS) for change in severity of depressive symptoms. The MADRS is a 10-item scale and items are scored between 0-6 points. For each item, a score of 0 indicates the absence of symptoms, and a score of 6 indicates symptoms of maximum severity. A maximum total score is 60 points.","Assessed at week 1, 2, 3, 4, 5 and 6 (averaged over the entire 6-week treatment period)",modified Intent-to-Treat (mITT) Population,MEAN,Standard Error,score on a scale,MADRS,True,2,2,2,True,1
NCT03866174,0,Change in Central Rater Montgomery-Asberg Depression Rating Scale (MADRS) Total Score From Baseline to Post-dose Day 43,"The MADRS is a clinician-rated scale designed to measure depression severity and to detect changes due to antidepressant treatment. The scale consists of 10 items, each of which is scored from 0 (item not present or normal) to 6 (severe or continuous presence of the symptoms), for a total score range of 0-60. Higher scores represent a more severe condition. The total (composite) MADRS score is used as the endpoint.",Baseline; Day 43 post-dose,"All 104 randomized participants analyzed by randomized treatment assignment using a mixed-effect model for repeated measures under missing-at-random assumption. Number analyzed reflects the intent-to-treat analysis population, not observed cases at each timepoint.",LEAST_SQUARES_MEAN,Standard Error,units on a scale,MADRS,True,2,2,2,True,1
NCT04019704,0,Change in MADRS Total Score From Baseline to Week 6,"The primary objective of the study was to evaluate the efficacy of AXS-05 as measured by the Montgomery-Åsberg Depression Rating Scale (MADRS) for change in severity of depressive symptoms from baseline to Week 6. The MADRS is a 10-item scale and items are scored between 0-6 points. For each item, a score of 0 indicates the absence of symptoms, and a score of 6 indicates symptoms of maximum severity. A maximum total score is 60 points.",6 weeks,modified Intent-to-Treat (mITT) Population,LEAST_SQUARES_MEAN,Standard Error,score on a scale,MADRS,True,2,2,2,True,1
NCT04479852,0,Change From Baseline to Week 4 in Montgomery Asberg Depression Rating Scale (MADRS) Total Score,"The Montgomery Asberg Depression rating scale is a 10-item scale used to assess the severity of depression. Individual items are scored on a 7-point scale (0 to 6). The total score is the sum of individual items, ranging from 0 to 60; where a higher score indicates more depression.",Baseline to Week 4,"Modified Intent To Treat population - all subjects who are randomized to receive treatment, receive at least one dose of study drug, and have a Baseline and at least one post-dose efficacy assessment.",LEAST_SQUARES_MEAN,Standard Error,Score on a scale,MADRS,True,2,2,2,True,1
NCT06340958,0,Change From Baseline in Montgomery-Asberg Depression Rating Scale (MADRS) Score,"The MADRS is a validated clinician-administered measurement of depression severity commonly used in clinical trials of depression treatments to select subjects and assess efficacy. The test consists of 10 items, each of which is scored from 0 (item not present or normal) to 6 (severe or continuous presence of the symptoms), for a total possible score of 60. Higher scores represent a more severe condition.",29 days,"Double-Blind Efficacy (DBE) Analysis Set, a subset of the Intention to treat (ITT) population",LEAST_SQUARES_MEAN,Standard Error,units on a scale,MADRS,True,2,2,2,True,1
