nct_id,participant_flow,completion_counts_present,reason_table_present,reason_counts_present,outcome_module_present,numeric_primary_results,single_period,exact_arm_mapping,usable_attrition,qc_flags
NCT00056472,True,True,False,False,True,True,True,False,False,arm_mapping_review_needed
NCT00086307,True,True,True,True,True,True,True,True,True,
NCT00105196,True,True,True,True,True,True,True,False,False,arm_mapping_review_needed
NCT00105989,True,True,True,True,True,True,False,False,False,multiple_periods_review_needed;arm_mapping_review_needed
NCT00107120,True,True,True,True,True,True,True,False,False,arm_mapping_review_needed
NCT00149643,True,True,False,False,True,True,True,True,True,
NCT00149825,True,True,True,True,True,True,True,True,True,
NCT00166296,True,True,True,True,True,True,True,False,False,arm_mapping_review_needed
NCT00361374,True,True,False,False,True,True,True,False,False,arm_mapping_review_needed
NCT00369343,True,True,True,True,True,True,False,False,False,multiple_periods_review_needed;arm_mapping_review_needed
NCT00384033,True,True,True,True,True,True,True,False,False,arm_mapping_review_needed
NCT00388973,True,True,True,True,True,True,True,False,False,arm_mapping_review_needed
NCT00420004,True,True,True,True,True,True,True,True,True,
NCT00445679,True,True,True,True,True,True,True,False,False,arm_mapping_review_needed
NCT00497874,True,True,True,True,True,True,True,False,False,arm_mapping_review_needed
NCT00511810,True,True,True,True,True,True,True,True,True,
NCT00521352,True,True,False,False,True,True,True,False,False,arm_mapping_review_needed
NCT00555997,True,True,False,False,True,True,False,False,False,multiple_periods_review_needed;arm_mapping_review_needed
NCT00578669,True,True,False,False,True,True,True,False,False,arm_mapping_review_needed
NCT00596817,True,True,True,True,True,True,False,True,False,multiple_periods_review_needed
NCT00612807,True,True,True,True,True,True,True,False,False,arm_mapping_review_needed
NCT00633399,True,True,False,False,True,True,True,False,False,arm_mapping_review_needed
NCT00635219,True,True,True,True,True,True,True,False,False,arm_mapping_review_needed
NCT00668525,True,True,False,False,True,True,True,False,False,arm_mapping_review_needed
NCT00672620,True,True,True,True,True,True,True,True,True,
NCT00672958,True,True,True,True,True,True,True,True,True,
NCT00683592,True,True,True,True,True,True,True,False,False,arm_mapping_review_needed
NCT00683852,True,True,False,False,True,True,False,False,False,multiple_periods_review_needed;arm_mapping_review_needed
NCT00705003,True,True,False,False,True,True,False,False,False,multiple_periods_review_needed;arm_mapping_review_needed
NCT00733980,True,True,True,True,True,True,True,False,False,arm_mapping_review_needed
NCT00735709,True,True,True,True,True,True,True,True,True,
NCT00739908,True,True,True,True,True,True,True,False,False,arm_mapping_review_needed
NCT00742573,True,True,False,False,True,True,True,True,True,
NCT00759395,True,True,True,True,True,True,True,True,True,
NCT00768430,True,True,True,True,True,True,False,False,False,multiple_periods_review_needed;arm_mapping_review_needed
NCT00775203,True,True,True,True,True,True,True,False,False,arm_mapping_review_needed
NCT00789854,True,True,True,True,True,True,True,False,False,arm_mapping_review_needed
NCT00795821,True,True,True,True,True,True,False,True,False,multiple_periods_review_needed
NCT00797966,True,True,True,True,True,True,False,False,False,multiple_periods_review_needed;arm_mapping_review_needed
NCT00798707,True,True,True,True,True,True,True,False,False,arm_mapping_review_needed
NCT00807248,True,True,True,True,True,True,True,False,False,arm_mapping_review_needed
NCT00811252,True,True,True,True,True,True,True,True,True,
NCT00824291,True,True,True,True,True,True,True,False,False,arm_mapping_review_needed
NCT00839423,True,True,True,True,True,True,True,False,False,arm_mapping_review_needed
NCT00840034,True,True,True,True,True,True,False,True,False,multiple_periods_review_needed
NCT00849693,True,True,True,True,True,True,False,False,False,multiple_periods_review_needed;arm_mapping_review_needed
NCT00849901,True,True,True,True,True,True,False,False,False,multiple_periods_review_needed;arm_mapping_review_needed
NCT00854100,True,True,True,True,True,True,True,True,True,
NCT00863798,True,True,True,True,True,True,True,False,False,arm_mapping_review_needed
NCT00876343,True,True,True,True,True,True,True,False,False,arm_mapping_review_needed
NCT00887224,True,True,True,True,True,True,False,False,False,multiple_periods_review_needed;arm_mapping_review_needed
NCT00905424,True,True,True,True,True,True,True,False,False,arm_mapping_review_needed
NCT00962598,True,True,False,False,True,True,True,True,True,
NCT00969150,True,True,True,True,True,True,True,False,False,arm_mapping_review_needed
NCT00969709,True,True,True,True,True,True,True,False,False,arm_mapping_review_needed
NCT00976560,True,True,True,True,True,True,True,False,False,arm_mapping_review_needed
NCT00985725,True,True,True,True,True,True,True,False,False,arm_mapping_review_needed
NCT01020799,True,True,True,True,True,True,True,True,True,
NCT01034462,True,True,True,True,True,True,True,False,False,arm_mapping_review_needed
NCT01052077,True,True,True,True,True,True,False,False,False,multiple_periods_review_needed;arm_mapping_review_needed
NCT01085812,True,True,True,True,True,False,False,False,False,multiple_periods_review_needed;arm_mapping_review_needed
NCT01138007,True,True,True,True,True,True,True,False,False,arm_mapping_review_needed
NCT01140906,True,True,True,True,True,True,True,False,False,arm_mapping_review_needed
NCT01152554,True,True,True,True,True,True,True,False,False,arm_mapping_review_needed
NCT01153009,True,True,True,True,True,True,True,True,True,
NCT01153347,True,True,True,True,True,True,True,False,False,arm_mapping_review_needed
NCT01157078,True,True,True,True,True,True,True,True,True,
NCT01163266,True,True,True,True,True,True,True,True,True,
NCT01173601,True,True,True,True,True,True,False,False,False,multiple_periods_review_needed;arm_mapping_review_needed
NCT01179516,True,True,True,True,True,True,True,True,True,
NCT01180400,True,True,True,True,True,True,True,True,True,
NCT01185340,True,True,True,True,True,True,False,False,False,multiple_periods_review_needed;arm_mapping_review_needed
NCT01187407,True,True,True,True,True,True,False,False,False,multiple_periods_review_needed;arm_mapping_review_needed
NCT01189812,True,True,True,True,True,True,True,False,False,arm_mapping_review_needed
NCT01197508,True,True,True,True,True,True,True,True,True,
NCT01254305,True,True,True,True,True,True,True,False,False,arm_mapping_review_needed
NCT01255787,True,True,True,True,True,True,True,True,True,
NCT01299272,True,True,True,True,True,True,False,False,False,multiple_periods_review_needed;arm_mapping_review_needed
NCT01312922,True,True,False,False,True,True,True,True,True,
NCT01355081,True,True,True,True,True,True,True,True,True,
NCT01360632,True,True,True,True,True,True,False,False,False,multiple_periods_review_needed;arm_mapping_review_needed
NCT01360645,True,True,True,True,True,True,False,False,False,multiple_periods_review_needed;arm_mapping_review_needed
NCT01368432,True,True,True,True,True,True,True,True,True,
NCT01370733,True,True,True,True,True,True,True,True,True,
NCT01371734,True,True,True,True,True,True,True,False,False,arm_mapping_review_needed
NCT01372150,True,True,True,True,True,True,True,False,False,arm_mapping_review_needed
NCT01377194,True,True,True,True,True,True,True,False,False,arm_mapping_review_needed
NCT01407575,True,True,False,False,True,True,True,True,True,
NCT01421134,True,True,True,True,True,True,True,True,True,
NCT01421342,True,True,True,True,True,True,False,True,False,multiple_periods_review_needed
NCT01422213,True,True,True,True,True,True,True,True,True,
NCT01428661,True,True,True,True,True,True,False,False,False,multiple_periods_review_needed;arm_mapping_review_needed
NCT01435759,True,True,True,True,True,True,False,False,False,multiple_periods_review_needed;arm_mapping_review_needed
NCT01436149,True,True,True,True,True,True,False,False,False,multiple_periods_review_needed;arm_mapping_review_needed
NCT01436162,True,True,True,True,True,True,False,False,False,multiple_periods_review_needed;arm_mapping_review_needed
NCT01441440,True,True,True,True,True,True,True,False,False,arm_mapping_review_needed
NCT01469377,True,True,True,True,True,True,True,True,True,
NCT01482221,True,True,True,True,True,True,True,False,False,arm_mapping_review_needed
NCT01488071,True,True,True,True,True,True,True,True,True,
NCT01500200,True,True,True,True,True,True,False,False,False,multiple_periods_review_needed;arm_mapping_review_needed
NCT01558063,True,True,False,False,True,True,True,True,True,
NCT01564862,True,True,True,True,True,True,True,False,False,arm_mapping_review_needed
NCT01571453,True,True,True,True,True,True,True,False,False,arm_mapping_review_needed
NCT01625845,True,True,True,True,True,True,True,True,True,
NCT01627782,True,True,True,True,True,True,True,False,False,arm_mapping_review_needed
NCT01715805,True,True,True,True,True,True,False,True,False,multiple_periods_review_needed
NCT01725282,True,True,True,True,True,True,True,True,True,
NCT01727726,True,True,False,False,True,True,True,True,True,
NCT01808612,True,True,True,True,True,True,False,True,False,multiple_periods_review_needed
NCT01838681,True,True,True,True,True,True,False,False,False,multiple_periods_review_needed;arm_mapping_review_needed
NCT01874951,True,True,False,False,True,True,True,True,True,
NCT01878292,True,True,True,True,True,True,False,True,False,multiple_periods_review_needed
NCT02014363,True,True,False,False,True,True,True,False,False,arm_mapping_review_needed
NCT02015546,True,True,True,True,True,True,True,True,True,
NCT02046564,True,True,True,True,True,True,True,True,True,
NCT02085135,True,True,True,True,True,True,True,False,False,arm_mapping_review_needed
NCT02116361,True,True,True,True,True,True,True,False,False,arm_mapping_review_needed
NCT02133001,True,True,True,True,True,True,False,False,False,multiple_periods_review_needed;arm_mapping_review_needed
NCT02158533,True,True,True,True,True,True,False,False,False,multiple_periods_review_needed;arm_mapping_review_needed
NCT02158546,True,True,True,True,True,True,True,False,False,arm_mapping_review_needed
NCT02176291,True,True,True,True,True,True,True,True,True,
NCT02181231,True,True,False,False,True,True,True,False,False,arm_mapping_review_needed
NCT02185131,True,True,False,False,True,True,True,True,True,
NCT02191397,True,True,True,True,True,True,True,False,False,arm_mapping_review_needed
NCT02196506,True,True,True,True,True,True,False,False,False,multiple_periods_review_needed;arm_mapping_review_needed
NCT02218008,True,True,True,True,True,True,False,False,False,multiple_periods_review_needed;arm_mapping_review_needed
NCT02372799,True,True,True,True,True,True,False,True,False,multiple_periods_review_needed
NCT02376257,True,True,False,False,True,True,True,True,True,
NCT02389816,True,True,True,True,True,True,True,True,True,
NCT02395978,True,True,False,False,True,True,True,True,True,
NCT02431806,True,True,True,True,True,True,False,False,False,multiple_periods_review_needed;arm_mapping_review_needed
NCT02458690,True,True,False,False,True,True,True,True,True,
NCT02461927,True,True,False,False,True,True,True,True,True,
NCT02473289,True,True,True,True,True,True,True,False,False,arm_mapping_review_needed
NCT02553915,True,True,False,False,True,True,True,True,True,
NCT02646449,True,True,False,False,True,True,True,True,True,
NCT02674529,True,True,True,True,True,True,True,True,True,
NCT02709655,True,True,True,True,True,True,False,False,False,multiple_periods_review_needed;arm_mapping_review_needed
NCT02709746,True,True,True,True,True,True,False,False,False,multiple_periods_review_needed;arm_mapping_review_needed
NCT02720198,True,True,True,True,True,True,True,True,True,
NCT02914769,True,True,True,True,True,True,True,True,True,
NCT02932943,True,True,True,True,True,True,True,True,True,
NCT02943564,True,True,True,True,True,True,True,True,True,
NCT02943577,True,True,True,True,True,True,True,True,True,
NCT02951988,True,True,True,True,True,True,False,False,False,multiple_periods_review_needed;arm_mapping_review_needed
NCT03000530,True,True,True,True,True,True,True,True,True,
NCT03018340,True,True,True,True,True,True,True,True,True,
NCT03039192,True,True,True,True,True,True,True,False,False,arm_mapping_review_needed
NCT03051256,True,True,False,False,True,True,True,True,True,
NCT03097133,True,True,True,True,True,True,True,False,False,arm_mapping_review_needed
NCT03113968,True,True,True,True,True,True,True,True,True,
NCT03181529,True,True,True,True,True,True,True,True,True,
NCT03185819,True,True,True,True,True,True,False,False,False,multiple_periods_review_needed;arm_mapping_review_needed
NCT03188185,True,True,True,True,True,True,False,False,False,multiple_periods_review_needed;arm_mapping_review_needed
NCT03193398,True,True,False,False,True,True,True,True,True,
NCT03227224,True,True,True,True,True,True,False,False,False,multiple_periods_review_needed;arm_mapping_review_needed
NCT03321526,True,True,True,True,True,False,False,False,False,multiple_periods_review_needed;arm_mapping_review_needed
NCT03429075,True,True,False,False,True,True,True,True,True,
NCT03433339,True,True,True,True,True,True,True,True,True,
NCT03446846,True,True,False,False,True,True,True,True,True,
NCT03538691,True,True,True,True,True,True,False,True,False,multiple_periods_review_needed
NCT03559192,True,True,True,True,True,True,False,False,False,multiple_periods_review_needed;arm_mapping_review_needed
NCT03569475,True,True,True,True,True,True,False,True,False,multiple_periods_review_needed
NCT03586427,True,True,True,True,True,True,True,True,True,
NCT03595579,True,True,False,False,True,True,True,True,True,
NCT03672175,True,True,True,True,True,True,False,True,False,multiple_periods_review_needed
NCT03697603,True,True,True,True,True,True,True,False,False,arm_mapping_review_needed
NCT03726658,True,True,True,True,True,True,True,False,False,arm_mapping_review_needed
NCT03738215,True,True,True,True,True,True,False,True,False,multiple_periods_review_needed
NCT03739203,True,True,True,True,True,True,False,True,False,multiple_periods_review_needed
NCT03866174,True,True,True,True,True,True,True,True,True,
NCT03968159,True,True,True,True,True,True,True,False,False,arm_mapping_review_needed
NCT04019704,True,True,False,False,True,True,True,True,True,
NCT04080752,True,True,True,True,True,True,True,False,False,arm_mapping_review_needed
NCT04103892,True,True,True,True,True,True,True,True,True,
NCT04116528,True,True,False,False,True,True,True,False,False,arm_mapping_review_needed
NCT04221230,True,True,True,True,True,True,True,False,False,arm_mapping_review_needed
NCT04244253,True,True,True,True,True,True,True,False,False,arm_mapping_review_needed
NCT04338321,True,True,True,True,True,True,True,False,False,arm_mapping_review_needed
NCT04345471,True,True,True,True,True,True,True,True,True,
NCT04395183,True,True,True,True,True,True,True,True,True,
NCT04437485,True,True,False,False,True,True,True,True,True,
NCT04442490,True,True,True,True,True,True,True,True,True,
NCT04476030,True,True,True,True,True,True,True,True,True,
NCT04479852,True,True,False,False,True,True,True,True,True,
NCT04504253,True,True,False,False,True,True,True,True,True,
NCT04521478,True,True,True,True,True,True,True,True,True,
NCT04533529,True,True,True,True,True,True,False,False,False,multiple_periods_review_needed;arm_mapping_review_needed
NCT04688164,True,True,False,False,True,True,True,True,True,
NCT04985942,True,True,True,True,True,True,True,True,True,
NCT05061706,True,True,True,True,True,True,True,True,True,
NCT05081167,True,True,False,False,True,True,True,True,True,
NCT05165394,True,True,True,True,True,True,True,False,False,arm_mapping_review_needed
NCT05455684,True,True,True,True,True,True,True,False,False,arm_mapping_review_needed
NCT05550532,True,True,True,True,True,True,True,False,False,arm_mapping_review_needed
NCT05680727,True,True,False,False,True,True,True,False,False,arm_mapping_review_needed
NCT05686408,True,True,False,False,True,True,True,True,True,
NCT06126497,True,True,False,False,True,True,True,False,False,arm_mapping_review_needed
NCT06280235,True,True,True,True,True,True,True,True,True,
NCT06340958,True,True,True,True,True,True,True,True,True,
NCT06558344,True,True,True,True,True,True,True,True,True,
