variable,level,eligible_n,usable_fraction,n,started,completed,pooled_attrition,median,q1,q3
phase,PHASE1 / PHASE2,6,0.5,3,120,84,0.3,0.30000000000000004,0.2357142857142857,0.33461538461538465
phase,PHASE2,78,0.5128205128205128,40,5758,4644,0.19346995484543245,0.1269354935134812,0.07808641975308639,0.1818459318459318
phase,PHASE2 / PHASE3,8,0.625,5,1138,1005,0.11687170474516696,0.14814814814814814,0.1216666666666667,0.180327868852459
phase,PHASE3,109,0.3119266055045872,34,13933,11941,0.14296992751022752,0.13065739570164348,0.08742048878473382,0.19196107110711066
sponsor_class,FED,2,0.5,1,65,41,0.36923076923076925,0.36923076923076925,0.36923076923076925,0.36923076923076925
sponsor_class,INDUSTRY,155,0.33548387096774196,52,19140,16248,0.15109717868338557,0.1366057951283038,0.0931795131845842,0.1818459318459318
sponsor_class,NIH,1,1.0,1,39,28,0.28205128205128205,0.28205128205128205,0.28205128205128205,0.28205128205128205
sponsor_class,OTHER,43,0.6511627906976745,28,1705,1357,0.20410557184750733,0.12678571428571428,0.05773809523809523,0.23974358974358972
masking,DOUBLE,52,0.3269230769230769,17,4996,4214,0.1565252201761409,0.12857142857142856,0.11255411255411252,0.1717171717171717
masking,NONE,7,0.2857142857142857,2,423,382,0.09692671394799054,0.19342431761786605,0.14013647642679905,0.24671215880893305
masking,QUADRUPLE,96,0.4479166666666667,43,13499,11412,0.15460404474405512,0.16194331983805665,0.0830436794737982,0.1908528352835283
masking,SINGLE,5,0.8,4,459,313,0.31808278867102396,0.13164251207729472,0.1030092592592593,0.2891304347826087
masking,TRIPLE,41,0.3902439024390244,16,1572,1353,0.13931297709923665,0.13657407407407407,0.05375344352617081,0.1862637362637362
intervention_types,BEHAVIORAL,1,0.0,0,0,0,,,,
intervention_types,BEHAVIORAL + DRUG,4,0.75,3,254,119,0.531496062992126,0.2666666666666667,0.20740740740740743,0.48333333333333334
intervention_types,BEHAVIORAL + DRUG + OTHER,3,1.0,3,278,246,0.11510791366906475,0.15217391304347827,0.115438808373591,0.32608695652173914
intervention_types,BIOLOGICAL + DRUG,1,0.0,0,0,0,,,,
intervention_types,DEVICE,3,0.6666666666666666,2,222,177,0.20270270270270271,0.24653465346534653,0.21980198019801978,0.2732673267326733
intervention_types,DIETARY_SUPPLEMENT + DRUG,3,0.6666666666666666,2,34,28,0.17647058823529413,0.16666666666666669,0.08333333333333334,0.25
intervention_types,DRUG,169,0.3905325443786982,66,19278,16387,0.14996368917937544,0.1269354935134812,0.08208979105535752,0.17839615481912469
intervention_types,DRUG + GENETIC,1,0.0,0,0,0,,,,
intervention_types,DRUG + OTHER,13,0.3076923076923077,4,442,311,0.29638009049773756,0.1819513740397561,0.1640920554854981,0.3876811594202899
intervention_types,DRUG + PROCEDURE,2,1.0,2,441,406,0.07936507936507936,0.043424317617866026,0.021712158808933013,0.06513647642679904
intervention_types,PROCEDURE,1,0.0,0,0,0,,,,
