nct_id,title,conditions,phase,sponsor,sponsor_class,masking,completion_date,completion_year,period_count,period_title,flow_group_count,arm_mapping_complete,started,completed,attrition,qc_flags,usable,reported_zero_completions,enrollment,enrollment_type,allocation,protocol_arm_count,intervention_types,interventions,start_date,site_count,calendar_span_days,calendar_span_flag,phase_III_present,enrollment_minus_started,number_randomized,primary_outcome_count,numeric_primary_results,pair_status
NCT00056472,Study of Pharmacotherapy of Psychotic Depression,Major Depressive Disorder With Psychotic Features,PHASE3,Weill Medical College of Cornell University,OTHER,QUADRUPLE,2008-06,2008,1,Overall Study,2,False,,,,arm_mapping_review_needed,False,False,259,ACTUAL,RANDOMIZED,2,DRUG + OTHER,Olanzapine | Sertraline | placebo,2003-01,4,,missing_partial_or_invalid_dates,True,,,1,True,unusable_period_counts_or_mapping
NCT00086307,Lexapro and Pramipexole and to Treat Major Depression,Major Depression,PHASE2,National Institute of Mental Health (NIMH),NIH,QUADRUPLE,2010-03,2010,1,Overall Study,3,True,39,28,0.28205128205128205,,True,False,39,ACTUAL,RANDOMIZED,3,DRUG,Pramipexole | Escitalopram,2004-06,1,,missing_partial_or_invalid_dates,False,0,,1,True,not_exactly_one_experimental_and_one_comparator_in_two_arms
NCT00105196,A Study of Aripiprazole in Patients With Major Depressive Disorder,Major Depressive Disorder,PHASE3,"Otsuka Pharmaceutical Development & Commercialization, Inc.",INDUSTRY,DOUBLE,2008-03,2008,1,Overall Study,2,False,,,,arm_mapping_review_needed,False,False,349,ACTUAL,RANDOMIZED,2,DRUG,Aripiprazole+ ADT | Placebo+ ADT,2005-03,34,,missing_partial_or_invalid_dates,True,,,1,True,unusable_period_counts_or_mapping
NCT00105989,Duloxetine Versus Placebo in the Prevention of Recurrence of Major Depressive Disorder,"Depressive Disorder, Major",PHASE3,Eli Lilly and Company,INDUSTRY,QUADRUPLE,2008-01,2008,3,,2,False,,,,multiple_periods_review_needed;arm_mapping_review_needed,False,False,514,ACTUAL,RANDOMIZED,2,DRUG,Duloxetine | placebo,2005-03,34,,missing_partial_or_invalid_dates,True,,,1,True,unusable_period_counts_or_mapping
NCT00107120,The Safety and Efficacy of Escitalopram in Pediatric Patients With Major Depressive Disorder,Major Depressive Disorder,PHASE3,Forest Laboratories,INDUSTRY,QUADRUPLE,,,1,Overall Study,2,False,,,,arm_mapping_review_needed,False,False,312,ACTUAL,RANDOMIZED,2,DRUG,Escitalopram | Placebo,2005-03,28,,missing_partial_or_invalid_dates,True,,,1,True,unusable_period_counts_or_mapping
NCT00149643,Effectiveness of Fluoxetine in Young People for the Treatment of Major Depression and Marijuana Dependence,"Depressive Disorder, Major | Cannabis Abuse",PHASE2,University of Pittsburgh,OTHER,TRIPLE,2012-12,2012,1,Overall Study,2,True,70,0,1.0,,True,True,70,ACTUAL,RANDOMIZED,2,DRUG + OTHER,Fluoxetine | Placebo,2004-09,1,,missing_partial_or_invalid_dates,False,0,,2,True,not_exactly_one_experimental_and_one_comparator_in_two_arms
NCT00149825,Combining Antidepressant Medication and Psychotherapy for Insomnia to Improve Depression Outcome,Major Depressive Disorder | Insomnia,PHASE2,Stanford University,OTHER,TRIPLE,2007-08,2007,1,Overall Study,2,True,30,22,0.2666666666666667,,True,False,30,ACTUAL,RANDOMIZED,2,BEHAVIORAL + DRUG,Escitalopram | CBTI | CTRL,2004-06,1,,missing_partial_or_invalid_dates,False,0,,1,True,eligible_pair
NCT00166296,Efficacy and Safety of Escitalopram for Prevention of Depression Induced by Peg-Interferon in Hepatitis C Patients,"Major Depressive Disorder | Hepatitis C, Chronic",PHASE2,Germans Trias i Pujol Hospital,OTHER,QUADRUPLE,2007-10,2007,1,Overall Study,2,False,,,,arm_mapping_review_needed,False,False,133,ACTUAL,RANDOMIZED,2,DRUG,Escitalopram | Placebo,2005-03,15,,missing_partial_or_invalid_dates,False,,,2,True,unusable_period_counts_or_mapping
NCT00361374,"Safety and Effectiveness of Omega 3-Fatty Acids, EPA Versus DHA, for the Treatment of Major Depression",Major Depressive Disorder,PHASE3,Massachusetts General Hospital,OTHER,QUADRUPLE,2013-03,2013,1,Overall Study,3,False,,,,arm_mapping_review_needed,False,False,196,ACTUAL,RANDOMIZED,3,DIETARY_SUPPLEMENT + DRUG,eicosapentaenoic acid | docosahexaenoic acid | Placebo,2006-07,1,,missing_partial_or_invalid_dates,True,,,1,True,unusable_period_counts_or_mapping
NCT00369343,Study Evaluating Desvenlafaxine Succinate Sustained Release (DVS SR) Versus Placebo in Peri- and Postmenopausal Women,"Depression | Depressive Disorder | Depressive Disorder, Major",PHASE3,Wyeth is now a wholly owned subsidiary of Pfizer,INDUSTRY,TRIPLE,2008-07,2008,2,,2,False,,,,multiple_periods_review_needed;arm_mapping_review_needed,False,False,381,ACTUAL,RANDOMIZED,2,DRUG,Desvenlafaxine administered as a succinate salt in a sustained-release form (DVS SR) | Placebo,2006-09,37,,missing_partial_or_invalid_dates,True,,,1,True,unusable_period_counts_or_mapping
NCT00384033,Study Evaluating Desvenlafaxine Succinate Sustained Release (DVS SR) In The Treatment Of Major Depressive Disorder,"Depressive Disorder, Major",PHASE3,Pfizer,INDUSTRY,QUADRUPLE,2007-09,2007,1,Overall Study,4,False,,,,arm_mapping_review_needed,False,False,638,ACTUAL,RANDOMIZED,4,DRUG,Desvenlafaxine Succinate Sustained-Release (DVS SR) | Desvenlafaxine Succinate Sustained-Release (DVS SR) | Placebo | Duloxetine 60 mg/day,2006-09,22,,missing_partial_or_invalid_dates,True,,,1,True,unusable_period_counts_or_mapping
NCT00388973,Efficacy and Safety Study of Seroquel SR in the Treatment of Major Depressive Disorder,Major Depressive Disorder,PHASE3,AstraZeneca,INDUSTRY,DOUBLE,2007-12,2007,1,Overall Study,2,False,,,,arm_mapping_review_needed,False,False,338,ACTUAL,RANDOMIZED,,DRUG,Quetiapine,2006-09,43,,missing_partial_or_invalid_dates,True,,,1,True,unusable_period_counts_or_mapping
NCT00420004,A Study for Participants With Major Depression,Major Depressive Disorder,PHASE2,Eli Lilly and Company,INDUSTRY,QUADRUPLE,2008-03,2008,1,Overall Study,3,True,469,237,0.49466950959488276,,True,False,469,ACTUAL,RANDOMIZED,3,DRUG,LY2216684 | Placebo | Escitalopram,2006-12,7,,missing_partial_or_invalid_dates,False,0,,1,True,not_exactly_one_experimental_and_one_comparator_in_two_arms
NCT00445679,Paroxetine-referenced Study Evaluating Three Doses of DVS SR in Outpatients With MDD,"Depressive Disorder, Major",PHASE3,Wyeth is now a wholly owned subsidiary of Pfizer,INDUSTRY,TRIPLE,2009-02,2009,1,Overall Study,4,False,,,,arm_mapping_review_needed,False,False,807,ACTUAL,RANDOMIZED,4,DRUG,DVS SR | Paroxetine,2007-07,43,,missing_partial_or_invalid_dates,True,,,1,True,unusable_period_counts_or_mapping
NCT00497874,An Expert System to Reduce Depression in Primary Care,"Depression | Depressive Disorder, Major",PHASE2,Pro-Change Behavior Systems,OTHER,NONE,2006-06,2006,1,Overall Study,2,False,,,,arm_mapping_review_needed,False,False,902,ACTUAL,RANDOMIZED,2,BEHAVIORAL,Computer-tailored intervention,2003-07,2,,missing_partial_or_invalid_dates,False,,,1,True,unusable_period_counts_or_mapping
NCT00511810,Omega-3 Fatty Acids as Adjunct Treatment for Major Depressive Disorder,Major Depressive Disorder,PHASE2 / PHASE3,University of Cincinnati,OTHER,NONE,2011-03,2011,1,Overall Study,2,True,20,14,0.30000000000000004,,True,False,20,ACTUAL,RANDOMIZED,2,DRUG,Low Dose Fish Oil | High Dose Fish Oil,2007-08,1,,missing_partial_or_invalid_dates,True,0,,1,True,not_exactly_one_experimental_and_one_comparator_in_two_arms
NCT00521352,Repetitive Transcranial Magnetic Stimulation (rTMS) in the Treatment of Panic Disorder With Comorbid Major Depression,Panic Disorder | Major Depressive Disorder,PHASE2,New York State Psychiatric Institute,OTHER,DOUBLE,2011-06,2011,1,Overall Study,2,False,,,,arm_mapping_review_needed,False,False,25,ACTUAL,RANDOMIZED,2,DEVICE,Active Repetitive Transcranial Magnetic Stimulation (rTMS) | Sham Repetitive Transcranial Magnetic Stimulation (rTMS),2007-10,1,,missing_partial_or_invalid_dates,False,,,2,True,unusable_period_counts_or_mapping
NCT00555997,"A 12-Week, Placebo Controlled Trial of Ziprasidone as Monotherapy for Major Depressive Disorder",Major Depressive Disorder,PHASE2,Massachusetts General Hospital,OTHER,QUADRUPLE,2010-06,2010,2,,4,False,,,,multiple_periods_review_needed;arm_mapping_review_needed,False,False,120,ACTUAL,RANDOMIZED,3,DRUG,Ziprasidone | Ziprasidone | Placebo,2008-03,7,,missing_partial_or_invalid_dates,False,,,1,True,unusable_period_counts_or_mapping
NCT00578669,Sequential Use of Fluoxetine for Smokers With Elevated Depressive Symptoms,Major Depressive Disorder | Nicotine Dependence | Depression,PHASE3,Butler Hospital,OTHER,DOUBLE,2013-11,2013,1,Overall Study,2,False,,,,arm_mapping_review_needed,False,False,206,ACTUAL,RANDOMIZED,2,DRUG,Fluoxetine | Dextrose,2008-04,1,,missing_partial_or_invalid_dates,True,,,1,True,unusable_period_counts_or_mapping
NCT00596817,Efficacy of Vortioxetine (Lu AA21004) in the Prevention of Relapse of Major Depressive Episodes,Major Depressive Disorder,PHASE3,H. Lundbeck A/S,INDUSTRY,DOUBLE,2009-10,2009,3,,2,True,,,,multiple_periods_review_needed,False,False,639,ACTUAL,RANDOMIZED,2,DRUG,Placebo | Vortioxetine (Lu AA21004),2007-12,,,missing_partial_or_invalid_dates,True,,,1,True,unusable_period_counts_or_mapping
NCT00612807,Treatment of Mood and Marriage Study (TOMMS),Major Depressive Disorder | Partner Relational Disorder (V61.10),PHASE1 / PHASE2,Duke University,OTHER,SINGLE,2010-06,2010,1,Overall Study,2,False,,,,arm_mapping_review_needed,False,False,42,ACTUAL,RANDOMIZED,2,BEHAVIORAL + DRUG,"Weekly marital therapy | As indicated: Sertraline, bupropion, venlafaxine, mirtazepine, nortriptyline, tranylcypromine, lithium augmentation, etc.",2006-07,1,,missing_partial_or_invalid_dates,False,,,2,True,unusable_period_counts_or_mapping
NCT00633399,Ziprasidone Augmentation of SSRIs for Patients With Major Depressive Disorder (MDD) That do Not Sufficiently Respond to Treatment With SSRIs,Major Depressive Disorder,PHASE2,Massachusetts General Hospital,OTHER,QUADRUPLE,2014-03,2014,1,Overall Study,2,False,,,,arm_mapping_review_needed,False,False,458,ACTUAL,RANDOMIZED,2,DRUG,Ziprasidone | Placebo,2008-07,2,,missing_partial_or_invalid_dates,False,,,1,True,unusable_period_counts_or_mapping
NCT00635219,"Randomised Placebo-controlled Duloxetine-referenced Efficacy and Safety Study of 2.5, 5 and 10 mg of Vortioxetine (Lu AA21004) in Acute Treatment of Major Depressive Disorder",Major Depressive Disorder,PHASE3,H. Lundbeck A/S,INDUSTRY,DOUBLE,2009-04,2009,1,Overall Study,5,False,,,,arm_mapping_review_needed,False,False,766,ACTUAL,RANDOMIZED,5,DRUG,Placebo | Vortioxetine (Lu AA21004) | Vortioxetine (Lu AA21004) | Vortioxetine (Lu AA21004) | Duloxetine,2008-02,,,missing_partial_or_invalid_dates,True,,,1,True,unusable_period_counts_or_mapping
NCT00668525,Escitalopram in Adult Patients With Major Depressive Disorder,Major Depressive Disorder,PHASE3,Forest Laboratories,INDUSTRY,TRIPLE,,,1,Overall Study,3,False,,,,arm_mapping_review_needed,False,False,877,ACTUAL,RANDOMIZED,3,DRUG,Escitalopram | Placebo | Escitalopram,2008-04,45,,missing_partial_or_invalid_dates,True,,,1,True,unusable_period_counts_or_mapping
NCT00672620,Efficacy and Safety of Vortioxetine (Lu AA21004) in the Treatment of Patients With Major Depressive Disorder,Major Depressive Disorder,PHASE3,Takeda,INDUSTRY,DOUBLE,2008-12,2008,1,Overall Study,4,True,611,451,0.2618657937806874,,True,False,611,ACTUAL,RANDOMIZED,4,DRUG,Vortioxetine | Duloxetine | Placebo,2008-04,38,,missing_partial_or_invalid_dates,True,0,,1,True,not_exactly_one_experimental_and_one_comparator_in_two_arms
NCT00672958,Efficacy and Safety of Vortioxetine (Lu AA21004) in Treating Adults With Major Depressive Disorder,Major Depressive Disorder,PHASE3,Takeda,INDUSTRY,DOUBLE,2008-11,2008,1,Overall Study,2,True,600,480,0.19999999999999996,,True,False,600,ACTUAL,RANDOMIZED,2,DRUG,Vortioxetine | Placebo,2008-04,33,,missing_partial_or_invalid_dates,True,0,,2,True,eligible_pair
NCT00683592,"Randomized, Double-Blind, Placebo Controlled Study of Vilazodone's Efficacy, Safety, and Biomarkers of Response in Major Depressive Disorder (MDD)",Major Depressive Disorder,PHASE3,Forest Laboratories,INDUSTRY,QUADRUPLE,2009-03,2009,1,Overall Study,2,False,,,,arm_mapping_review_needed,False,False,481,ACTUAL,RANDOMIZED,2,DRUG,vilazodone | placebo,2008-03,9,,missing_partial_or_invalid_dates,True,,,1,True,unusable_period_counts_or_mapping
NCT00683852,"A Double-Blind, Placebo-Controlled Study of Aripiprazole Adjunctive to Antidepressant Therapy",Major Depressive Disorder,PHASE3,Massachusetts General Hospital,OTHER,QUADRUPLE,2009-09,2009,2,,3,False,,,,multiple_periods_review_needed;arm_mapping_review_needed,False,False,225,ACTUAL,RANDOMIZED,3,DRUG,Aripiprazole 5mg | Aripiprazole 2mg | Placebo,2008-09,1,,missing_partial_or_invalid_dates,True,,,1,True,unusable_period_counts_or_mapping
NCT00705003,Efficacy and Safety Study of a Combination Product [Drug:BCI-024 (Buspirone) and Drug:BCI-049 (Melatonin)] to Treat Major Depressive Disorder (MDD),Major Depressive Disorder,PHASE2,Massachusetts General Hospital,OTHER,QUADRUPLE,2008-12,2008,2,,3,False,,,,multiple_periods_review_needed;arm_mapping_review_needed,False,False,142,ACTUAL,RANDOMIZED,3,DRUG,BCI-024: over-encapsulated Buspirone tablet 15 mg QD and BCI-049: over-encapsulated Melatonin tablet 3 mg QD | BCI-024 (Buspirone) | Matching placebo,2008-05,9,,missing_partial_or_invalid_dates,False,,,1,True,unusable_period_counts_or_mapping
NCT00733980,A Study of the Effects of a New Antidepressant Treatment (GSK561679) in Females With Major Depressive Disorder,"Depressive Disorder, Major",PHASE2,GlaxoSmithKline,INDUSTRY,DOUBLE,2010-06-18,2010,1,Overall Study,2,False,,,,arm_mapping_review_needed,False,False,150,ACTUAL,RANDOMIZED,2,DRUG + OTHER,GSK561679 | Placebo,2008-10-02,18,624,exact_dates,False,,,1,True,unusable_period_counts_or_mapping
NCT00735709,Efficacy Study of Vortioxetine (Lu AA21004) in Adults With Major Depressive Disorder,Major Depressive Disorder,PHASE3,Takeda,INDUSTRY,DOUBLE,2009-08,2009,1,Overall Study,4,True,560,505,0.0982142857142857,,True,False,560,ACTUAL,RANDOMIZED,4,DRUG,Vortioxetine | Placebo,2008-08,48,,missing_partial_or_invalid_dates,True,0,,1,True,not_exactly_one_experimental_and_one_comparator_in_two_arms
NCT00739908,A Study of CX157 (TriRima) for the Treatment of Depression,Major Depressive Disorder,PHASE2,CeNeRx BioPharma Inc.,INDUSTRY,QUADRUPLE,2009-07,2009,1,Overall Study,2,False,,,,arm_mapping_review_needed,False,False,285,ACTUAL,RANDOMIZED,2,DRUG,CX157 (TriRima) | Placebo,2008-09,14,,missing_partial_or_invalid_dates,False,,,1,True,unusable_period_counts_or_mapping
NCT00742573,Incorporating Patient Treatment Choice to Improve Treatment Retention in Depressed Hispanics,Major Depressive Disorder,PHASE2,New York State Psychiatric Institute,OTHER,SINGLE,2014-01-10,2014,1,Overall Study,2,True,170,51,0.7,,True,False,170,ACTUAL,RANDOMIZED,2,BEHAVIORAL + DRUG,Antidepressants through Texas Medication Algorithm (TMA) | Brief Interpersonal Psychotherapy (IPT-B),2008-08,1,,missing_partial_or_invalid_dates,False,0,,2,True,eligible_pair
NCT00759395,"Study of Antidepressant Efficacy of a Selective, High Affinity Enkephalinergic Agonist in Anxious Major Depressive Disorder (AMDD)",Anxious Major Depressive Disorder,PHASE2,AstraZeneca,INDUSTRY,DOUBLE,2011-10,2011,1,Overall Study,2,True,22,18,0.18181818181818177,,True,False,22,ACTUAL,RANDOMIZED,2,DRUG,AZD2327 | Placebo,2009-01,1,,missing_partial_or_invalid_dates,False,0,,2,True,eligible_pair
NCT00768430,Optimization of IV Ketamine for Treatment Resistant Depression,Major Depressive Disorder (MDD) | Treatment Resistant Depression (TRD),PHASE2,Baylor College of Medicine,OTHER,QUADRUPLE,2012-11,2012,2,,2,False,,,,multiple_periods_review_needed;arm_mapping_review_needed,False,False,73,ACTUAL,RANDOMIZED,2,DRUG,Ketamine | Midazolam,2008-11,2,,missing_partial_or_invalid_dates,False,,,1,True,unusable_period_counts_or_mapping
NCT00775203,"A Randomized, Double-blind, Two-arm Study Comparing the Efficacy and Safety of Trazodone Contramid® OAD and Placebo in the Treatment of Unipolar Major Depressive Disorder.",Major Depressive Disorder,PHASE3,Labopharm Inc.,INDUSTRY,QUADRUPLE,2007-11,2007,1,Overall Study,2,False,,,,arm_mapping_review_needed,False,False,412,ACTUAL,RANDOMIZED,2,DRUG,Trazodone Hydrochloride (HCl) Extended-Release Tablets | Placebo,2007-06,36,,missing_partial_or_invalid_dates,True,,,1,True,unusable_period_counts_or_mapping
NCT00789854,Comparing Quetiapine XR Monotherapy and Augmentation With Lithium Augmentation in TRD Patients,Major Depressive Disorder | Treatment Resistant Depression,PHASE3,AstraZeneca,INDUSTRY,NONE,2009-08,2009,1,Overall Study,3,False,,,,arm_mapping_review_needed,False,False,688,ACTUAL,RANDOMIZED,3,DRUG,Quetiapine XR | Lithium carbonate | SSRI/Venlafaxine,2008-11,106,,missing_partial_or_invalid_dates,True,,,2,True,unusable_period_counts_or_mapping
NCT00795821,A Study in Adult Patients With Major Depressive Disorder,"Depressive Disorder, Major",PHASE2 / PHASE3,Eli Lilly and Company,INDUSTRY,QUADRUPLE,2011-03,2011,3,,2,True,,,,multiple_periods_review_needed,False,False,495,ACTUAL,RANDOMIZED,2,DRUG,LY2216684 | Placebo,2008-12,37,,missing_partial_or_invalid_dates,True,,,1,True,unusable_period_counts_or_mapping
NCT00797966,Study of the Safety and Efficacy of OPC-34712 as Adjunctive Therapy in the Treatment of Patients With Major Depressive Disorder,Major Depressive Disorder,PHASE2,"Otsuka Pharmaceutical Development & Commercialization, Inc.",INDUSTRY,TRIPLE,2010-07,2010,3,,6,False,,,,multiple_periods_review_needed;arm_mapping_review_needed,False,False,850,ACTUAL,RANDOMIZED,2,DRUG,OPC-34712 | Placebo | ADT,2009-05,50,,missing_partial_or_invalid_dates,False,,,1,True,unusable_period_counts_or_mapping
NCT00798707,Study Evaluating Desvenlafaxine Succinate Sustained Release (DVS SR) in the Treatment of Major Depressive Disorder,Major Depressive Disorder,PHASE3,Pfizer,INDUSTRY,QUADRUPLE,2010-04,2010,1,Overall Study,3,False,,,,arm_mapping_review_needed,False,False,709,ACTUAL,RANDOMIZED,3,DRUG,Desvenlafaxine Succinate Sustained-Release (DVS SR) | Desvenlafaxine Succinate Sustained-Release (DVS SR) | placebo,2008-12,78,,missing_partial_or_invalid_dates,True,,,1,True,unusable_period_counts_or_mapping
NCT00807248,Short-term Study of Combination Treatment of Escitalopram and Gaboxadol in Major Depressive Disorder,Major Depressive Disorder,PHASE2,H. Lundbeck A/S,INDUSTRY,DOUBLE,2010-02,2010,1,Overall Study,4,False,,,,arm_mapping_review_needed,False,False,490,ACTUAL,RANDOMIZED,4,DRUG,Escitalopram placebo | Gaboxadol placebo | Escitalopram 20 mg | Gaboxadol 5 mg | Gaboxadol 10 mg,2008-11,22,,missing_partial_or_invalid_dates,False,,,1,True,unusable_period_counts_or_mapping
NCT00811252,Randomised Placebo-controlled Duloxetine-referenced Study of Efficacy and Safety of 5 mg of Vortioxetine (Lu AA21004) in Acute Treatment of Major Depressive Disorder in Elderly Patients,Major Depressive Disorder,PHASE3,H. Lundbeck A/S,INDUSTRY,DOUBLE,2010-03,2010,1,Overall Study,3,True,452,392,0.1327433628318584,,True,False,453,ACTUAL,RANDOMIZED,3,DRUG,Placebo | Vortioxetine (Lu AA21004) | Duloxetine,2009-01,,,missing_partial_or_invalid_dates,True,1,,1,True,not_exactly_one_experimental_and_one_comparator_in_two_arms
NCT00824291,Study Evaluating Desvenlafaxine Succinate Sustained Release In Outpatients With Major Depressive Disorder,"Depressive Disorder, Major",PHASE3,Wyeth is now a wholly owned subsidiary of Pfizer,INDUSTRY,QUADRUPLE,2009-11,2009,1,Overall Study,2,False,,,,arm_mapping_review_needed,False,False,437,ACTUAL,RANDOMIZED,2,DRUG + GENETIC,desvenlafaxine succinate sustained release | Genotyping,2009-02,,,missing_partial_or_invalid_dates,True,,,1,True,unusable_period_counts_or_mapping
NCT00839423,Randomised Placebo-controlled Venlafaxine-referenced Study of Efficacy and Safety of 5 and 10 mg of Vortioxetine (Lu AA21004) in Acute Treatment of Major Depressive Disorder in Adults,Major Depressive Disorder,PHASE2,H. Lundbeck A/S,INDUSTRY,DOUBLE,2007-09,2007,1,Overall Study,4,False,,,,arm_mapping_review_needed,False,False,426,ACTUAL,RANDOMIZED,4,DRUG,Placebo | Vortioxetine (Lu AA21004) | Venlafaxine XL,2006-08,,,missing_partial_or_invalid_dates,False,,,1,True,unusable_period_counts_or_mapping
NCT00840034,A Study of Adjunctive Treatment to Antidepressant Therapy for Adults With Major Depressive Disorder,"Depressive Disorder, Major",PHASE2,Eli Lilly and Company,INDUSTRY,QUADRUPLE,2010-01,2010,2,,2,True,,,,multiple_periods_review_needed,False,False,227,ACTUAL,RANDOMIZED,2,DRUG,LY2216684 | Placebo,2009-02,24,,missing_partial_or_invalid_dates,False,,,1,True,unusable_period_counts_or_mapping
NCT00849693,A Study in the Treatment of Children and Adolescents With Major Depressive Disorder,Major Depressive Disorder,PHASE3,Eli Lilly and Company,INDUSTRY,QUADRUPLE,2011-09,2011,2,,4,False,,,,multiple_periods_review_needed;arm_mapping_review_needed,False,False,463,ACTUAL,RANDOMIZED,4,DRUG,Placebo | fluoxetine | duloxetine | duloxetine,2009-03,56,,missing_partial_or_invalid_dates,True,,,1,True,unusable_period_counts_or_mapping
NCT00849901,A Study in the Treatment of Children and Adolescents With Major Depressive Disorder,Major Depressive Disorder,PHASE3,Eli Lilly and Company,INDUSTRY,QUADRUPLE,2011-10,2011,2,,3,False,,,,multiple_periods_review_needed;arm_mapping_review_needed,False,False,337,ACTUAL,RANDOMIZED,3,DRUG,duloxetine | Placebo | fluoxetine,2009-03,59,,missing_partial_or_invalid_dates,True,,,1,True,unusable_period_counts_or_mapping
NCT00854100,Safety and Efficacy of Cariprazine As Adjunctive Therapy In Major Depressive Disorder,Major Depressive Disorder,PHASE2,Forest Laboratories,INDUSTRY,DOUBLE,2010-12-06,2010,1,Overall Study,3,True,231,205,0.11255411255411252,,True,False,231,ACTUAL,RANDOMIZED,3,DRUG,Antidepressant + placebo | Antidepressant + cariprazine (0.1-0.3 mg/day) | Antidepressant + cariprazine (1-2 mg/d),2009-06-30,41,524,exact_dates,False,0,,1,True,not_exactly_one_experimental_and_one_comparator_in_two_arms
NCT00863798,Study Evaluating Desvenlafaxine Succinate Sustained Release In Adults With Major Depressive Disorder,Major Depressive Disorder,PHASE3,Wyeth is now a wholly owned subsidiary of Pfizer,INDUSTRY,QUADRUPLE,2010-03,2010,1,Overall Study,3,False,,,,arm_mapping_review_needed,False,False,682,ACTUAL,RANDOMIZED,3,DRUG,Desvenlafaxine Succinate Sustained-Release 10mg | Desvenlafaxine Succinate Sustained-Release 50 mg | placebo,2009-04,24,,missing_partial_or_invalid_dates,True,,,1,True,unusable_period_counts_or_mapping
NCT00876343,Study of Aripiprazole as an Adjunctive Therapy in Patients With Major Depressive Disorder,Major Depressive Disorder,PHASE3,"Otsuka Pharmaceutical Co., Ltd.",INDUSTRY,QUADRUPLE,2012-07,2012,1,Overall Study,3,False,,,,arm_mapping_review_needed,False,False,586,ACTUAL,RANDOMIZED,3,DRUG,Aripiprazole (Fixed dose) | Aripiprazole (Titrated dose) | Placebo,2009-03,8,,missing_partial_or_invalid_dates,True,,,1,True,unusable_period_counts_or_mapping
NCT00887224,Relapse Prevention Study Of Desvenlafaxine Succinate Sustained Release In Outpatients With Major Depressive Disorder,Major Depressive Disorder,PHASE3,Pfizer,INDUSTRY,QUADRUPLE,2011-03,2011,7,,3,False,,,,multiple_periods_review_needed;arm_mapping_review_needed,False,False,874,ACTUAL,RANDOMIZED,2,DRUG,Desvenlafaxine succinate sustained release 50 mg | Desvenlafaxine succinate sustained release 25 mg | Placebo,2009-06,90,,missing_partial_or_invalid_dates,True,,,1,True,unusable_period_counts_or_mapping
NCT00905424,Exploratory Study of SPD489 in Adults With Major Depressive Disorder (MDD) as Augmentation Therapy to an Antidepressant,Major Depressive Disorder,PHASE2,Shire,INDUSTRY,TRIPLE,2010-08-04,2010,1,Overall Study,2,False,,,,arm_mapping_review_needed,False,False,246,ACTUAL,RANDOMIZED,2,DRUG,Antidepressant + SPD489 (lisdexamfetamine dimesylate) | Antidepressant + placebo,2009-07-30,15,370,exact_dates,False,,,1,True,unusable_period_counts_or_mapping
NCT00962598,The Role Of Omega-3 Fatty Acids In Adolescent Depression,"Depressive Disorder, Major",PHASE2,Icahn School of Medicine at Mount Sinai,OTHER,QUADRUPLE,2013-06,2013,1,Overall Study,2,True,16,16,0.0,,True,False,16,ACTUAL,RANDOMIZED,2,DIETARY_SUPPLEMENT + DRUG,Omega 3 Fatty Acids | Corn oil,2006-01,1,,missing_partial_or_invalid_dates,False,0,,2,True,eligible_pair
NCT00969150,Safety and Efficacy of Levomilnacipran ER (F2695 SR) in Major Depressive Disorder,Major Depressive Disorder,PHASE3,Forest Laboratories,INDUSTRY,TRIPLE,,,1,Overall Study,2,False,,,,arm_mapping_review_needed,False,False,362,ACTUAL,RANDOMIZED,2,DRUG,Levomilnacipran ER | Placebo,2009-09,25,,missing_partial_or_invalid_dates,True,,,1,True,unusable_period_counts_or_mapping
NCT00969709,Safety and Efficacy of Levomilnacipran ER (F2695 SR) in Major Depressive Disorder,Major Depressive Disorder,PHASE3,Forest Laboratories,INDUSTRY,TRIPLE,,,1,Overall Study,4,False,,,,arm_mapping_review_needed,False,False,724,ACTUAL,RANDOMIZED,4,DRUG,Levomilnacipran ER | Levomilnacipran ER | Levomilnacipran ER | Placebo,2009-09,38,,missing_partial_or_invalid_dates,True,,,1,True,unusable_period_counts_or_mapping
NCT00976560,Clinical Study to Test a New Drug to Treat Major Depression,"Depressive Disorder, Major",PHASE2,GlaxoSmithKline,INDUSTRY,QUADRUPLE,2010-07-07,2010,1,Overall Study,2,False,,,,arm_mapping_review_needed,False,False,128,ACTUAL,RANDOMIZED,2,DRUG + OTHER,GW856553 | Placebo,2009-09-25,21,285,exact_dates,False,,,1,True,unusable_period_counts_or_mapping
NCT00985725,SPD489 in Adults With Persistent Executive Function Impairments (EFI) and Partial or Full Remission of Recurrent Major Depressive Disorder,Major Depressive Disorder,PHASE2,Shire,INDUSTRY,TRIPLE,2011-04-18,2011,1,Overall Study,2,False,,,,arm_mapping_review_needed,False,False,143,ACTUAL,RANDOMIZED,2,DRUG,SPD489 (Lisdexamfetamine dimesylate) | Matching placebo,2009-10-29,33,536,exact_dates,False,,,1,True,unusable_period_counts_or_mapping
NCT01020799,AZD7268 Safety and Tolerability Study,Major Depressive Disorder,PHASE2,AstraZeneca,INDUSTRY,QUADRUPLE,2010-04,2010,1,Overall Study,3,True,247,207,0.16194331983805665,,True,False,247,ACTUAL,RANDOMIZED,3,DRUG,AZD7268 | Escitalopram | Placebo capsules | Placebo tablets,2009-11,17,,missing_partial_or_invalid_dates,False,0,,1,True,not_exactly_one_experimental_and_one_comparator_in_two_arms
NCT01034462,Safety and Efficacy of Levomilnacipran ER (F2695 SR) in Major Depressive Disorder,Major Depressive Disorder,PHASE3,Forest Laboratories,INDUSTRY,TRIPLE,2011-12,2011,1,Overall Study,2,False,,,,arm_mapping_review_needed,False,False,442,ACTUAL,RANDOMIZED,2,DRUG,Levomilnacipran ER | Placebo,2009-12,23,,missing_partial_or_invalid_dates,True,,,1,True,unusable_period_counts_or_mapping
NCT01052077,Study of the Safety and Efficacy of OPC-34712 as Adjunctive Therapy in the Treatment of Adults With Major Depressive Disorder,Major Depressive Disorder,PHASE2,"Otsuka Pharmaceutical Development & Commercialization, Inc.",INDUSTRY,TRIPLE,2011-11,2011,3,,4,False,,,,multiple_periods_review_needed;arm_mapping_review_needed,False,False,773,ACTUAL,RANDOMIZED,2,DRUG,OPC-34712 | Placebo | ADT,2010-03,43,,missing_partial_or_invalid_dates,False,,,1,True,unusable_period_counts_or_mapping
NCT01085812,Relapse-Prevention Study With Levomilnacipran ER (F2695 SR) in Patients With Major Depressive Disorder,Depression | Major Depressive Disorder,PHASE3,Forest Laboratories,INDUSTRY,TRIPLE,2011-10,2011,3,,2,False,,,,multiple_periods_review_needed;arm_mapping_review_needed,False,False,734,ACTUAL,RANDOMIZED,2,DRUG,Levomilnacipran ER | Placebo,2010-03,35,,missing_partial_or_invalid_dates,True,,,1,False,unusable_period_counts_or_mapping
NCT01138007,A Fixed Dose Study of 323U66 SR in the Treatment of Major Depressive Disorder (MDD),"Depressive Disorder, Major",PHASE3,GlaxoSmithKline,INDUSTRY,DOUBLE,2012-08-07,2012,1,Overall Study,3,False,,,,arm_mapping_review_needed,False,False,572,ACTUAL,RANDOMIZED,3,DRUG,323U66 SR 150 mg tablet | 323U66 SR 150 mg placebo tablet,2010-06-17,59,782,exact_dates,True,,,1,True,unusable_period_counts_or_mapping
NCT01140906,Randomised Placebo-controlled Duloxetine-referenced Study of Efficacy and Safety of 15 and 20 mg of Vortioxetine (Lu AA21004) in Acute Treatment of Major Depressive Disorder in Adults,Major Depressive Disorder,PHASE3,H. Lundbeck A/S,INDUSTRY,DOUBLE,,,1,Overall Study,4,False,,,,arm_mapping_review_needed,False,False,607,ACTUAL,RANDOMIZED,4,DRUG,Placebo | Vortioxetine (Lu AA21004) | Duloxetine,2010-05,,,missing_partial_or_invalid_dates,True,,,1,True,unusable_period_counts_or_mapping
NCT01152554,A Study to Assess the Long- Term Safety of TC-5214 as an Adjunct Therapy in Patients With Major Depressive Disorder,Major Depressive Disorder | MDD | Depression,PHASE3,AstraZeneca,INDUSTRY,QUADRUPLE,2012-02,2012,1,Overall Study,2,False,,,,arm_mapping_review_needed,False,False,813,ACTUAL,RANDOMIZED,2,DRUG,TC-5214 | Placebo,2010-06,94,,missing_partial_or_invalid_dates,True,,,3,True,unusable_period_counts_or_mapping
NCT01153009,Safety and Efficacy of Vortioxetine (Lu AA21004) in Adults With Major Depressive Disorder,"Depressive Disorder, Major",PHASE3,Takeda,INDUSTRY,QUADRUPLE,2012-03,2012,1,Overall Study,4,True,614,470,0.23452768729641693,,True,False,614,ACTUAL,RANDOMIZED,4,DRUG,Vortioxetine | Duloxetine | Placebo,2010-06,56,,missing_partial_or_invalid_dates,True,0,,1,True,not_exactly_one_experimental_and_one_comparator_in_two_arms
NCT01153347,A Study to Assess the Efficacy and Safety of TC-5214 as an Adjunct Therapy in Patients With Major Depressive Disorder,Major Depressive Disorder | Depression,PHASE3,AstraZeneca,INDUSTRY,QUADRUPLE,2012-01,2012,1,Overall Study,4,False,,,,arm_mapping_review_needed,False,False,2409,ACTUAL,RANDOMIZED,4,DRUG,TC-5214 | Placebo,2010-06,99,,missing_partial_or_invalid_dates,True,,,1,True,unusable_period_counts_or_mapping
NCT01157078,A Study to Assess the Efficacy and Safety of TC-5214 as an Adjunct Therapy in Patients With Major Depressive Disorder (MDD),Major Depressive Disorder | Depression,PHASE3,AstraZeneca,INDUSTRY,QUADRUPLE,2011-11,2011,1,Overall Study,2,True,319,248,0.22257053291536055,,True,False,319,ACTUAL,RANDOMIZED,2,DRUG,TC-5214 | Placebo,2010-06,51,,missing_partial_or_invalid_dates,True,0,,1,True,eligible_pair
NCT01163266,Efficacy and Safety Study of Vortioxetine (Lu AA21004) in Adults With Major Depressive Disorder,"Depressive Disorder, Major",PHASE3,Takeda,INDUSTRY,QUADRUPLE,2012-01,2012,1,Overall Study,3,True,462,385,0.16666666666666663,,True,False,462,ACTUAL,RANDOMIZED,3,DRUG,Vortioxetine | Placebo,2010-07,39,,missing_partial_or_invalid_dates,True,0,,1,True,not_exactly_one_experimental_and_one_comparator_in_two_arms
NCT01173601,A Fixed Dose Study of Adjunctive Treatment to Antidepressant Therapy for Adults With Major Depressive Disorder,Major Depressive Disorder,PHASE3,Eli Lilly and Company,INDUSTRY,QUADRUPLE,2013-10,2013,2,,5,False,,,,multiple_periods_review_needed;arm_mapping_review_needed,False,False,1416,ACTUAL,RANDOMIZED,3,DRUG,LY2216684 | Placebo | SSRI,2010-11,63,,missing_partial_or_invalid_dates,True,,,1,True,unusable_period_counts_or_mapping
NCT01179516,Safety and Efficacy Study of Vortioxetine (Lu AA21004) in Adults With Major Depressive Disorder,"Depressive Disorder, Major",PHASE3,Takeda,INDUSTRY,QUADRUPLE,2012-06,2012,1,Overall Study,3,True,469,385,0.17910447761194026,,True,False,469,ACTUAL,RANDOMIZED,3,DRUG,Vortioxetine | Placebo,2010-08,61,,missing_partial_or_invalid_dates,True,0,,1,True,not_exactly_one_experimental_and_one_comparator_in_two_arms
NCT01180400,A Study to Assess the Efficacy and Safety of TC-5214 as an Adjunct Therapy in Patients With Major Depressive Disorder,Major Depressive Disorder | Depression,PHASE3,AstraZeneca,INDUSTRY,QUADRUPLE,2011-09,2011,1,Overall Study,2,True,295,243,0.17627118644067796,,True,False,295,ACTUAL,RANDOMIZED,2,DRUG,TC-5214 | Placebo,2010-09,66,,missing_partial_or_invalid_dates,True,0,,1,True,eligible_pair
NCT01185340,A Study in Participants With Major Depressive Disorder Who Are Partial Responders to Selective Serotonin Reuptake Inhibitor,Major Depressive Disorder,PHASE3,Eli Lilly and Company,INDUSTRY,DOUBLE,2013-04,2013,2,,4,False,,,,multiple_periods_review_needed;arm_mapping_review_needed,False,False,1056,ACTUAL,RANDOMIZED,2,DRUG,LY2216684 | Placebo | SSRI,2011-03,49,,missing_partial_or_invalid_dates,True,,,1,True,unusable_period_counts_or_mapping
NCT01187407,A Study of Flexible or Fixed Dose LY2216684 as Adjunctive Treatment for Participants With Major Depressive Disorder Who Have Had a Partial Response to Selective Serotonin Reuptake Inhibitor (SSRI) Treatment,Major Depressive Disorder (MDD),PHASE3,Eli Lilly and Company,INDUSTRY,QUADRUPLE,2013-08,2013,2,,5,False,,,,multiple_periods_review_needed;arm_mapping_review_needed,False,False,1480,ACTUAL,RANDOMIZED,3,DRUG,LY2216684 | Placebo | SSRI,2011-03,54,,missing_partial_or_invalid_dates,True,,,1,True,unusable_period_counts_or_mapping
NCT01189812,Safety and Efficacy Study of Citalopram and Lithium for the Treatment of Depressive Mood Disorder Symptoms,Major Depressive Disorder | Dysthymia | Depression Not Otherwise Specified | Borderline Personality Disorder,PHASE2,Columbia Northwest Pharmaceuticals,INDUSTRY,QUADRUPLE,2011-01,2011,1,Overall Study,2,False,,,,arm_mapping_review_needed,False,False,80,ACTUAL,RANDOMIZED,2,DRUG,Lithium Carbonate | Placebo | Citalopram,2010-03,2,,missing_partial_or_invalid_dates,False,,,1,True,unusable_period_counts_or_mapping
NCT01197508,A Study to Assess the Efficacy and Safety of TC-5214 as an Adjunct Therapy in Patients With Major Depressive Disorder.,Major Depressive Disorder,PHASE3,AstraZeneca,INDUSTRY,QUADRUPLE,2012-01,2012,1,Overall Study,4,True,696,578,0.16954022988505746,,True,False,696,ACTUAL,RANDOMIZED,4,DRUG,TC-5214 | Placebo,2010-09,87,,missing_partial_or_invalid_dates,True,0,,1,True,not_exactly_one_experimental_and_one_comparator_in_two_arms
NCT01254305,Safety and Efficacy of Levomilnacipran ER (F2695 SR) in Adults With Fatigue Associated With Major Depressive Disorder,Major Depressive Disorder,PHASE2,Forest Laboratories,INDUSTRY,TRIPLE,2012-07,2012,1,Overall Study,3,False,,,,arm_mapping_review_needed,False,False,262,ACTUAL,RANDOMIZED,3,DRUG,"Levomilnacipran ER | Paroxetine, Sertraline, Citalopram or Fluoxetine. | Placebo",2011-04,20,,missing_partial_or_invalid_dates,False,,,2,True,unusable_period_counts_or_mapping
NCT01255787,Efficacy and Safety Study of Vortioxetine (Lu AA21004) for Treatment of Major Depressive Disorder,"Depressive Disorder, Major",PHASE2 / PHASE3,Takeda,INDUSTRY,QUADRUPLE,2012-04,2012,1,Overall Study,4,True,600,527,0.1216666666666667,,True,False,600,ACTUAL,RANDOMIZED,4,DRUG,Vortioxetine | Placebo,2010-11,70,,missing_partial_or_invalid_dates,True,0,,1,True,not_exactly_one_experimental_and_one_comparator_in_two_arms
NCT01299272,A Study in Prevention of Re-emergence of Depression Symptoms,Major Depressive Disorder,PHASE3,Eli Lilly and Company,INDUSTRY,TRIPLE,2013-11,2013,3,,4,False,,,,multiple_periods_review_needed;arm_mapping_review_needed,False,False,1249,ACTUAL,RANDOMIZED,2,DRUG,LY2216684 | Placebo | SSRI,2011-05,77,,missing_partial_or_invalid_dates,True,,,1,True,unusable_period_counts_or_mapping
NCT01312922,Pipamperone/Citalopram (PNB01) Versus Citalopram (CIT) and Versus Pipamperone (PIP) in Major Depressive Disorder (MDD),Major Depressive Disorder,PHASE3,PharmaNeuroBoost N.V.,INDUSTRY,QUADRUPLE,2012-12,2012,1,Overall Study,3,True,555,383,0.30990990990990996,,True,False,555,ACTUAL,RANDOMIZED,3,DRUG,PNB01 fixed dose combination of pipamperone and citalopram | Citalopram | Pipamperone,2011-09,31,,missing_partial_or_invalid_dates,True,0,,1,True,not_exactly_one_experimental_and_one_comparator_in_two_arms
NCT01355081,Efficacy Study of Vortioxetine (Lu AA21004) for Treatment of Major Depressive Disorder,Major Depressive Disorder,PHASE3,Takeda,INDUSTRY,QUADRUPLE,2012-12,2012,1,Overall Study,3,True,366,338,0.07650273224043713,,True,False,366,ACTUAL,RANDOMIZED,3,DRUG,Vortioxetine | Placebo,2011-05,32,,missing_partial_or_invalid_dates,True,0,,1,True,not_exactly_one_experimental_and_one_comparator_in_two_arms
NCT01360632,Study of the Safety and Efficacy of Two Fixed Doses of OPC-34712 as Adjunctive Therapy in the Treatment of Adults With Major Depressive Disorder (the Polaris Trial),"Depressive Disorder | Depression | Depressive Disorder, Major | Mood Disorders | Mental Disorders",PHASE3,"Otsuka Pharmaceutical Development & Commercialization, Inc.",INDUSTRY,TRIPLE,2013-09,2013,3,,5,False,,,,multiple_periods_review_needed;arm_mapping_review_needed,False,False,1539,ACTUAL,RANDOMIZED,2,DRUG,OPC-34712 + ADT | Placebo + ADT | Placebo + ADT,2011-06,71,,missing_partial_or_invalid_dates,True,,,2,True,unusable_period_counts_or_mapping
NCT01360645,Study of the Safety and Efficacy of Fixed Dose OPC-34712 as Adjunctive Therapy in the Treatment of Adults With Major Depressive Disorder (the Pyxis Trial),"Depressive Disorder | Depression | Depressive Disorder, Major | Mood Disorders | Mental Disorders",PHASE3,"Otsuka Pharmaceutical Development & Commercialization, Inc.",INDUSTRY,TRIPLE,2013-06,2013,3,,4,False,,,,multiple_periods_review_needed;arm_mapping_review_needed,False,False,826,ACTUAL,RANDOMIZED,2,DRUG,OPC-34712 + ADT | Placebo + ADT | Placebo + ADT,2011-07,57,,missing_partial_or_invalid_dates,True,,,2,True,unusable_period_counts_or_mapping
NCT01368432,Lexapro for the Treatment of Traumatic Brain Injury (TBI) Depression & Other Psychiatric Conditions,TBI | Major Depression | Other Psychiatric Disorders,PHASE2,Johns Hopkins University,OTHER,QUADRUPLE,2013-03,2013,1,Overall Study,2,True,14,13,0.0714285714285714,,True,False,16,ACTUAL,RANDOMIZED,2,DRUG,Escitalopram | Placebo,2010-04,1,,missing_partial_or_invalid_dates,False,2,,2,True,eligible_pair
NCT01370733,Synchronized Transcranial Magnetic Stimulation (sTMS) in Major Depressive Disorder,Major Depressive Disorder,PHASE3,Wave Neuroscience,INDUSTRY,QUADRUPLE,2013-09,2013,1,Overall Study,2,True,202,163,0.19306930693069302,,True,False,202,ACTUAL,RANDOMIZED,2,DEVICE,NEST-1 (NeoSync EEG Synchronized TMS) | SHAM,2012-05,18,,missing_partial_or_invalid_dates,True,0,,2,True,eligible_pair
NCT01371734,A Study Of DVS SR In Treatment Of Children And Adolescent Outpatients With MDD,Major Depressive Disorder,PHASE3,Pfizer,INDUSTRY,TRIPLE,2015-09,2015,1,Overall Study,3,False,,,,arm_mapping_review_needed,False,False,363,ACTUAL,RANDOMIZED,3,DRUG,Desvenlafaxine Succinate Sustained-Release | Desvenlafaxine Succinate Sustained-Release | Placebo,2011-08,42,,missing_partial_or_invalid_dates,True,,,1,True,unusable_period_counts_or_mapping
NCT01372150,A Study Of DVS SR In Treatment Of Children And Adolescent Outpatients With MDD,Major Depressive Disorder,PHASE3,Pfizer,INDUSTRY,TRIPLE,2015-03-20,2015,1,Overall Study,3,False,,,,arm_mapping_review_needed,False,False,340,ACTUAL,RANDOMIZED,3,DRUG,desvenlafaxine succinate sustained release | fluoxetine | placebo,2011-11-17,43,1219,exact_dates,True,,,1,True,unusable_period_counts_or_mapping
NCT01377194,Safety and Efficacy of Levomilnacipran ER (Levomilnacipran SR) in Major Depressive Disorder,Major Depressive Disorder,PHASE3,Forest Laboratories,INDUSTRY,TRIPLE,2012-03,2012,1,Overall Study,3,False,,,,arm_mapping_review_needed,False,False,568,ACTUAL,RANDOMIZED,3,DRUG,Levomilnacipran ER | Levomilnacipran ER | Placebo,2011-06,51,,missing_partial_or_invalid_dates,True,,,1,True,unusable_period_counts_or_mapping
NCT01407575,Buprenorphine for Treatment Resistant Depression,"Depression | Depressive Disorder | Depressive Disorder, Major",PHASE3,University of Pittsburgh,OTHER,TRIPLE,2013-08,2013,1,Overall Study,2,True,13,10,0.23076923076923073,,True,False,13,ACTUAL,RANDOMIZED,2,DRUG,Buprenorphine | Placebo,2011-09,1,,missing_partial_or_invalid_dates,True,0,,5,True,eligible_pair
NCT01421134,Major Depressive Disorder (MDD) With Mixed Features - Flexible Dose,Major Depressive Disorder With Mixed Features,PHASE3,"Sumitomo Pharma America, Inc.",INDUSTRY,QUADRUPLE,2014-10,2014,1,Overall Study,2,True,211,189,0.10426540284360186,,True,False,211,ACTUAL,RANDOMIZED,2,DRUG,Lurasidone | Placebo,2011-09,43,,missing_partial_or_invalid_dates,True,0,,1,True,eligible_pair
NCT01421342,VA Augmentation and Switching Treatments for Improving Depression Outcomes,Major Depressive Disorder,PHASE3,VA Office of Research and Development,FED,NONE,2016-06,2016,3,,3,True,,,,multiple_periods_review_needed,False,False,1522,ACTUAL,RANDOMIZED,3,DRUG,Switching: Bupropion-SR | Augmenting: Antidepressant + Bupropion-SR | Augmenting: Antidepressant + Aripiprazole,2012-12,35,,missing_partial_or_invalid_dates,True,,,1,True,unusable_period_counts_or_mapping
NCT01422213,Efficacy Study of Vortioxetine on Cognitive Dysfunction in Adult Patients With Major Depressive Disorder,Major Depressive Disorder,PHASE3,H. Lundbeck A/S,INDUSTRY,DOUBLE,,,1,Overall Study,3,True,598,514,0.14046822742474918,,True,False,598,ACTUAL,RANDOMIZED,3,DRUG,Placebo | Vortioxetine (Lu AA21004) | Vortioxetine (Lu AA21004),2011-12,,,missing_partial_or_invalid_dates,True,0,,1,True,not_exactly_one_experimental_and_one_comparator_in_two_arms
NCT01428661,Melatonin Agonist Effects of Tasimelteon Versus Placebo in Patients With Major Depressive Disorder,Major Depressive Disorder,PHASE2 / PHASE3,Vanda Pharmaceuticals,INDUSTRY,QUADRUPLE,2013-05,2013,2,,3,False,,,,multiple_periods_review_needed;arm_mapping_review_needed,False,False,507,ACTUAL,RANDOMIZED,2,DRUG,tasimelteon | placebo,2011-09,40,,missing_partial_or_invalid_dates,True,,,1,True,unusable_period_counts_or_mapping
NCT01435759,SPD489 in Combination With an Antidepressant in the Treatment of Adults With Major Depressive Disorder,Major Depressive Disorder,PHASE2,Shire,INDUSTRY,QUADRUPLE,2014-01-17,2014,2,,6,False,,,,multiple_periods_review_needed;arm_mapping_review_needed,False,False,1197,ACTUAL,RANDOMIZED,5,DRUG,Antidepressant + SPD489 (Lisdexamfetamine dimesylate) 10 mg | Antidepressant + SPD489 (Lisdexamfetamine dimesylate) 30 mg | Antidepressant + SPD489 (Lisdexamfetamine dimesylate) 50 mg | Antidepressant + SPD489 (Lisdexamfetamine dimesylate) 70 mg | Antidepressant + Placebo,2011-05-31,82,962,exact_dates,False,,,1,True,unusable_period_counts_or_mapping
NCT01436149,Efficacy and Safety Study of SPD489 in Combination With an Antidepressant in the Treatment of Adults With Major Depressive Disorder,Major Depressive Disorder,PHASE3,Shire,INDUSTRY,QUADRUPLE,2013-12-23,2013,2,,3,False,,,,multiple_periods_review_needed;arm_mapping_review_needed,False,False,1262,ACTUAL,RANDOMIZED,2,DRUG,SPD489 (Lisdexamfetamine dimesylate ) | Placebo,2011-10-27,85,788,exact_dates,True,,,1,True,unusable_period_counts_or_mapping
NCT01436162,Efficacy and Safety Study of SPD489 in Combination With an Antidepressant in the Treatment of Adults With Major Depressive Disorder,Major Depressive Disorder,PHASE3,Shire,INDUSTRY,QUADRUPLE,2013-12-10,2013,2,,3,False,,,,multiple_periods_review_needed;arm_mapping_review_needed,False,False,1105,ACTUAL,RANDOMIZED,2,DRUG,Antidepressant + SPD489 (Lisdexamfetamine dimesylate ) | Antidepressant + Placebo,2011-10-19,101,783,exact_dates,True,,,1,True,unusable_period_counts_or_mapping
NCT01441440,Venlafaxine ER Phase 3 Study for Major Depressive Disorder (MDD),Major Depressive Disorder,PHASE3,Pfizer's Upjohn has merged with Mylan to form Viatris Inc.,INDUSTRY,QUADRUPLE,2014-03,2014,1,Overall Study,3,False,,,,arm_mapping_review_needed,False,False,538,ACTUAL,RANDOMIZED,3,DRUG,venlafaxine ER 75 mg/day (fixed dose) | venlafaxine ER 75 mg/day to 225 mg/day (flexible dose) | Placebo,2011-11,63,,missing_partial_or_invalid_dates,True,,,1,True,unusable_period_counts_or_mapping
NCT01469377,Safety and Efficacy of Cariprazine as an Adjunctive to Antidepressant Therapy in Major Depressive Disorder,Major Depressive Disorder,PHASE2,Forest Laboratories,INDUSTRY,QUADRUPLE,2013-12-12,2013,1,Overall Study,3,True,819,670,0.18192918192918195,,True,False,819,ACTUAL,RANDOMIZED,3,DRUG,Placebo | Cariprazine,2011-12-15,72,728,exact_dates,False,0,,1,True,not_exactly_one_experimental_and_one_comparator_in_two_arms
NCT01482221,A Study to Assess the Effect and Safety of AZD6765 in Patients With Major Depressive Disorder,Major Depressive Disorder,PHASE2,AstraZeneca,INDUSTRY,QUADRUPLE,2013-08-26,2013,1,Overall Study,3,False,,,,arm_mapping_review_needed,False,False,542,ACTUAL,RANDOMIZED,3,DRUG,AZD6765 iv | AZD6765 iv | Placebo,2011-12-16,44,619,exact_dates,False,,,1,True,unusable_period_counts_or_mapping
NCT01488071,A Study of Vortioxetine (Lu AA21004) in Comparison to Agomelatine in Adults Suffering From Major Depression With Inadequate Response to Previous Medication,Major Depressive Disorder,PHASE3,H. Lundbeck A/S,INDUSTRY,DOUBLE,,,1,Overall Study,2,True,495,379,0.2343434343434343,,True,False,495,ACTUAL,RANDOMIZED,2,DRUG,Vortioxetine (Lu AA21004) | Agomelatine,2012-01,,,missing_partial_or_invalid_dates,True,0,,1,True,eligible_pair
NCT01500200,A Study to Evaluate ALKS 5461 in Subjects With Major Depressive Disorder (MDD),Major Depressive Disorder,PHASE2,"Alkermes, Inc.",INDUSTRY,QUADRUPLE,2013-03,2013,2,,6,False,,,,multiple_periods_review_needed;arm_mapping_review_needed,False,False,142,ACTUAL,RANDOMIZED,2,DRUG,ALKS 5461 | Placebo,2011-12,27,,missing_partial_or_invalid_dates,False,,,1,True,unusable_period_counts_or_mapping
NCT01558063,Ketamine in the Treatment of Depression,Major Depressive Disorder,PHASE2,Columbia University,OTHER,TRIPLE,2019-10,2019,1,Overall Study,6,True,38,38,0.0,,True,False,38,ACTUAL,RANDOMIZED,6,DRUG + PROCEDURE,Ketamine | Saline | Magnetic Resonance Imaging (MRI),2012-02,1,,missing_partial_or_invalid_dates,False,0,,1,True,not_exactly_one_experimental_and_one_comparator_in_two_arms
NCT01564862,Efficacy of Lu AA21004 on Cognitive Dysfunction in Major Depressive Disorder,"Depressive Disorder, Major",PHASE2,Takeda,INDUSTRY,QUADRUPLE,2014-02,2014,1,Overall Study,3,False,,,,arm_mapping_review_needed,False,False,602,ACTUAL,RANDOMIZED,3,DRUG,vortioxetine (Lu AA21004) | Duloxetine | Placebo,2012-04,92,,missing_partial_or_invalid_dates,False,,,1,True,unusable_period_counts_or_mapping
NCT01571453,Study of Vortioxetine (Lu AA21004) in Major Depressive Disorder in Asian Countries,Major Depressive Disorder,PHASE3,H. Lundbeck A/S,INDUSTRY,DOUBLE,,,1,Overall Study,2,False,,,,arm_mapping_review_needed,False,False,437,ACTUAL,RANDOMIZED,2,DRUG,Vortioxetine (Lu AA21004) | Venlafaxine extended release,2012-05,,,missing_partial_or_invalid_dates,True,,,1,True,unusable_period_counts_or_mapping
NCT01625845,Anti-INFLammatory to Address Mood and Endothelial Dysfunction (INFLAMED),Major Depressive Disorder | Depression | Depressive Symptoms | Cardiovascular Disease (CVD) | Coronary Artery Disease (CAD) | Heart Disease,PHASE2,Indiana University,OTHER,TRIPLE,2014-05,2014,1,Overall Study,2,True,16,8,0.5,,True,False,36,ACTUAL,RANDOMIZED,2,BEHAVIORAL + DRUG + OTHER,Pentoxifylline | Placebo | Standard Treatment,2012-06,1,,missing_partial_or_invalid_dates,False,20,,2,True,eligible_pair
NCT01627782,A Study of Ketamine in Patients With Treatment-resistant Depression,Major Depressive Disorder,PHASE2,"Janssen Research & Development, LLC",INDUSTRY,DOUBLE,2013-09-12,2013,1,Overall Study,4,False,,,,arm_mapping_review_needed,False,False,68,ACTUAL,RANDOMIZED,4,DRUG,Placebo | Ketamine,2012-08-06,13,402,exact_dates,False,,,1,True,unusable_period_counts_or_mapping
NCT01715805,"Efficacy, Safety and Tolerability of Cariprazine as an Adjunctive Treatment to Antidepressant Therapy (ADT) in Patients With Major Depressive Disorder (MDD)",Major Depressive Disorder,PHASE3,Forest Laboratories,INDUSTRY,TRIPLE,2016-06-24,2016,2,,4,True,,,,multiple_periods_review_needed,False,False,1022,ACTUAL,RANDOMIZED,4,DRUG,Cariprazine | Placebo | Antidepressant Therapy (ADT),2012-11-15,85,1317,exact_dates,True,,,2,True,unusable_period_counts_or_mapping
NCT01725282,Study to Evaluate the Effect and Safety of Quetiapine Extended Release (XR) (FK949E) in Major Depressive Disorder,Major Depressive Disorder,PHASE2,Astellas Pharma Inc,INDUSTRY,QUADRUPLE,2013-08-24,2013,1,Overall Study,4,True,172,150,0.12790697674418605,,True,False,172,ACTUAL,RANDOMIZED,4,DRUG,quetiapine extended release (XR) | Placebo,2011-12-14,3,619,exact_dates,False,0,,1,True,not_exactly_one_experimental_and_one_comparator_in_two_arms
NCT01727726,"A Study of Flexible-dose Brexpiprazole as Adjunctive Therapy in the Treatment of Adults With Major Depressive Disorder, the Delphinus Trial","Depressive Disorder | Depression | Depressive Disorder, Major | Mood Disorders | Mental Disorders",PHASE3,"Otsuka Pharmaceutical Development & Commercialization, Inc.",INDUSTRY,QUADRUPLE,2016-11-10,2016,1,Overall Study,3,True,503,443,0.11928429423459241,,True,False,2182,ACTUAL,RANDOMIZED,3,DRUG,Brexpiprazole | Seroquel XR | Placebo,2012-12,76,,missing_partial_or_invalid_dates,True,1679,,1,True,not_exactly_one_experimental_and_one_comparator_in_two_arms
NCT01808612,A Study of Fluoxetine in Major Depressive Disorder (MDD) Short-Term Dosing,Major Depressive Disorder,PHASE3,Eli Lilly and Company,INDUSTRY,TRIPLE,2014-07,2014,2,,3,True,,,,multiple_periods_review_needed,False,False,513,ACTUAL,RANDOMIZED,3,DRUG,Fluoxetine | Placebo,2013-03,16,,missing_partial_or_invalid_dates,True,,,1,True,unusable_period_counts_or_mapping
NCT01838681,Brexpiprazole as Adjunctive Treatment in Patients With Major Depressive Disorder With an Inadequate Response to Antidepressant Treatment,Major Depressive Disorder,PHASE3,H. Lundbeck A/S,INDUSTRY,DOUBLE,2016-06,2016,2,,4,False,,,,multiple_periods_review_needed;arm_mapping_review_needed,False,False,1986,ACTUAL,RANDOMIZED,2,DRUG,Placebo | Brexpiprazole | ADT,2013-06,107,,missing_partial_or_invalid_dates,True,,,1,True,unusable_period_counts_or_mapping
NCT01874951,Low-Dose Naltrexone (LDN) for Depression Relapse and Recurrence,"Major Depressive Disorder | Depression, Unipolar | Recurrence | Relapse",PHASE2,Massachusetts General Hospital,OTHER,QUADRUPLE,2015-06,2015,1,Overall Study,2,True,12,12,0.0,,True,False,12,ACTUAL,RANDOMIZED,2,DRUG,Naltrexone | Placebo,2013-06,1,,missing_partial_or_invalid_dates,False,0,,1,True,eligible_pair
NCT01878292,Safety and Efficacy of Vilazodone in Adolescent Patients With Major Depressive Disorder,Major Depressive Disorder,PHASE3,Forest Laboratories,INDUSTRY,QUADRUPLE,2016-10-05,2016,3,,3,True,,,,multiple_periods_review_needed,False,False,529,ACTUAL,RANDOMIZED,3,DRUG,Placebo | Vilazodone | Vilazodone,2013-07-11,52,1182,exact_dates,True,,,1,True,unusable_period_counts_or_mapping
NCT02014363,Safety and Efficacy Study Comparing ETS6103 With Amitriptyline in the Treatment of Major Depressive Disorder (MDD),Major Depressive Disorder,PHASE2,e-Therapeutics PLC,INDUSTRY,QUADRUPLE,2015-10,2015,1,Overall Study,3,False,,,,arm_mapping_review_needed,False,False,164,ACTUAL,RANDOMIZED,4,DRUG,ETS6103 (low dose) | ETS6103 (high dose) | Amitriptyline,2013-10,1,,missing_partial_or_invalid_dates,False,,,1,True,unusable_period_counts_or_mapping
NCT02015546,Switching From Generic Selective Serotonin Reuptake Inhibitors (SSRIs) and Selective Serotonin and Norepinephrine Reuptake Inhibitors (SNRIs) to Three Different Dose Initiation Strategies With Vilazodone,Major Depressive Disorder (MDD),PHASE3,Duke University,OTHER,DOUBLE,2013-12,2013,1,Overall Study,3,True,70,61,0.12857142857142856,,True,False,70,ACTUAL,RANDOMIZED,3,DRUG,Vilazodone,2012-12,1,,missing_partial_or_invalid_dates,True,0,,3,True,not_exactly_one_experimental_and_one_comparator_in_two_arms
NCT02046564,Assess the Efficacy and Safety of ASC-01 in Patients With Major Depressive Disorder,Major Depressive Disorder,PHASE3,"Otsuka Pharmaceutical Co., Ltd.",INDUSTRY,QUADRUPLE,2016-09,2016,1,Overall Study,2,True,412,377,0.08495145631067957,,True,False,412,ACTUAL,RANDOMIZED,2,DRUG,ASC-01 | Placebo,2014-02,29,,missing_partial_or_invalid_dates,True,0,,1,True,eligible_pair
NCT02085135,A Study of Different Titration Schedules of ALKS 5461 in Adults With Major Depressive Disorder (MDD),Major Depressive Disorder,PHASE3,"Alkermes, Inc.",INDUSTRY,QUADRUPLE,2014-09,2014,1,Overall Study,2,False,,,,arm_mapping_review_needed,False,False,66,ACTUAL,RANDOMIZED,2,DRUG,ALKS 5461,2014-02,9,,missing_partial_or_invalid_dates,True,,,1,True,unusable_period_counts_or_mapping
NCT02116361,OnabotulinumtoxinA as Treatment for Major Depressive Disorder in Adult Females,"Depressive Disorder, Major",PHASE2,Allergan,INDUSTRY,DOUBLE,2016-12-22,2016,1,Overall Study,4,False,,,,arm_mapping_review_needed,False,False,258,ACTUAL,RANDOMIZED,4,BIOLOGICAL + DRUG,onabotulinumtoxinA | Normal Saline,2014-04-22,35,975,exact_dates,False,,,2,True,unusable_period_counts_or_mapping
NCT02133001,"A Double-blind Study to Assess the Efficacy and Safety of Intranasal Esketamine for the Rapid Reduction of the Symptoms of Major Depressive Disorder, Including Suicidal Ideation, in Participants Who Are Assessed to be at Imminent Risk for Suicide",Major Depressive Disorder,PHASE2,"Janssen Research & Development, LLC",INDUSTRY,DOUBLE,2016-02-01,2016,2,,2,False,,,,multiple_periods_review_needed;arm_mapping_review_needed,False,False,68,ACTUAL,RANDOMIZED,2,DRUG,Esketamine | Placebo,2014-05-23,14,619,exact_dates,False,,,1,True,unusable_period_counts_or_mapping
NCT02158533,A Study of ALKS 5461 for the Treatment of Major Depressive Disorder (MDD) - the FORWARD-4 Study,Major Depressive Disorder,PHASE3,"Alkermes, Inc.",INDUSTRY,QUADRUPLE,2015-12,2015,2,,6,False,,,,multiple_periods_review_needed;arm_mapping_review_needed,False,False,385,ACTUAL,RANDOMIZED,3,DRUG,High Dose ALKS 5461 | Low Dose ALKS 5461 | Placebo,2014-05,49,,missing_partial_or_invalid_dates,True,,,1,True,unusable_period_counts_or_mapping
NCT02158546,A Study of ALKS 5461 for the Treatment of Major Depressive Disorder (MDD) - the FORWARD-3 Study,Major Depressive Disorder,PHASE3,"Alkermes, Inc.",INDUSTRY,QUADRUPLE,2015-12,2015,1,Overall Study,4,False,,,,arm_mapping_review_needed,False,False,447,ACTUAL,RANDOMIZED,2,DRUG,ALKS 5461 | Placebo,2014-05,58,,missing_partial_or_invalid_dates,True,,,1,True,unusable_period_counts_or_mapping
NCT02176291,Incomplete Response in Late-Life Depression: Getting to Remission With Buprenorphine,Depression | Major Depressive Disorder,PHASE2,Jordan F. Karp,OTHER,TRIPLE,2018-02,2018,1,Overall Study,2,True,31,26,0.16129032258064513,,True,False,31,ACTUAL,RANDOMIZED,2,DRUG,Buprenorphine | Placebo,2014-08,1,,missing_partial_or_invalid_dates,False,0,,1,True,eligible_pair
NCT02181231,Buprenorphine Used With Treatment Resistant Depression in Older Adults,Major Depressive Disorder | Depression,PHASE1 / PHASE2,Washington University School of Medicine,OTHER,TRIPLE,2018-04-30,2018,1,Overall Study,2,False,,,,arm_mapping_review_needed,False,False,18,ACTUAL,RANDOMIZED,2,DRUG,venlafaxine XR | buprenorphine | Placebo,2016-06-01,1,698,exact_dates,False,,,3,True,unusable_period_counts_or_mapping
NCT02185131,Double-blind Pilot Trial of Mirtazapine for the Treatment of Co-occurring AD/MDD.,Major Depressive Disorder | Alcohol Use Disorder,PHASE2,University of Pittsburgh,OTHER,TRIPLE,2016-07,2016,1,Overall Study,2,True,16,14,0.125,,True,False,16,ACTUAL,RANDOMIZED,2,DRUG,Mirtazapine | Placebo,2013-09,1,,missing_partial_or_invalid_dates,False,0,,2,True,not_exactly_one_experimental_and_one_comparator_in_two_arms
NCT02191397,"Study to Evaluate the Efficacy, Safety and Tolerability of Bupropion Hydrochloride Extended-release Tablet, and Escitalopram Oxalate Capsule in Subjects With Major Depressive Disorder","Depressive Disorder, Major",PHASE3,GlaxoSmithKline,INDUSTRY,DOUBLE,2016-10-25,2016,1,Overall Study,2,False,,,,arm_mapping_review_needed,False,False,534,ACTUAL,RANDOMIZED,2,DRUG,Bupropion | Bupropion Matching Placebo | Escitalopram | Escitalopram Matching Placebo,2015-02-10,20,623,exact_dates,True,,,1,True,unusable_period_counts_or_mapping
NCT02196506,Study of the Safety and Efficacy of Fixed-dose Brexpiprazole (OPC-34712) as Adjunctive Therapy in the Treatment of Adults With Major Depressive Disorder With and Without Anxious Distress,"Depressive Disorder | Depression | Depressive Disorder, Major | Mood Disorders | Mental Disorders",PHASE3,"Otsuka Pharmaceutical Development & Commercialization, Inc.",INDUSTRY,QUADRUPLE,2016-05,2016,3,,4,False,,,,multiple_periods_review_needed;arm_mapping_review_needed,False,False,837,ACTUAL,RANDOMIZED,2,DRUG,Placebo + ADT | Brexpiprazole +ADT,2014-07,47,,missing_partial_or_invalid_dates,True,,,1,True,unusable_period_counts_or_mapping
NCT02218008,A Study of ALKS 5461 for the Treatment of Major Depressive Disorder (MDD) - FORWARD-5 Study,Major Depressive Disorder,PHASE3,"Alkermes, Inc.",INDUSTRY,QUADRUPLE,2016-10,2016,2,,6,False,,,,multiple_periods_review_needed;arm_mapping_review_needed,False,False,407,ACTUAL,RANDOMIZED,3,DRUG,ALKS 5461 | Placebo,2014-07,44,,missing_partial_or_invalid_dates,True,,,3,True,unusable_period_counts_or_mapping
NCT02372799,Safety and Efficacy of Vilazodone in Pediatric Patients With Major Depressive Disorder (VLZ-MD-22),Major Depressive Disorder,PHASE3,Forest Laboratories,INDUSTRY,QUADRUPLE,2018-09-11,2018,2,,3,True,,,,multiple_periods_review_needed,False,False,473,ACTUAL,RANDOMIZED,3,DRUG,Vilazodone | Placebo | Fluoxetine,2015-02-28,60,1291,exact_dates,True,,,1,True,unusable_period_counts_or_mapping
NCT02376257,Improving Therapeutic Learning in Depression: Proof of Concept,Major Depressive Disorder,PHASE2,Boston University Charles River Campus,OTHER,DOUBLE,2017-05,2017,1,Overall Study,3,True,36,36,0.0,,True,False,36,ACTUAL,RANDOMIZED,3,DRUG,250 mg DCS | 100 mg Modafinil | Placebo,2014-09-16,1,,missing_partial_or_invalid_dates,False,0,,3,True,not_exactly_one_experimental_and_one_comparator_in_two_arms
NCT02389816,A Phase 3 Study of Lu AA21004 in Patients With Major Depressive Disorder,Major Depressive Disorder,PHASE3,Takeda,INDUSTRY,QUADRUPLE,2018-03-16,2018,1,Overall Study,3,True,493,453,0.08113590263691683,,True,False,493,ACTUAL,RANDOMIZED,3,DRUG,Placebo | Vortioxetine,2015-04-10,47,1071,exact_dates,True,0,,1,True,not_exactly_one_experimental_and_one_comparator_in_two_arms
NCT02395978,A Phase II Study of PDC-1421 Capsule to Evaluate the Safety and Efficacy in Patients With Major Depressive Disorder,Major Depressive Disorder,PHASE2,"BioLite, Inc.",INDUSTRY,TRIPLE,2019-03-18,2019,1,Overall Study,5,True,72,60,0.16666666666666663,,True,False,72,ACTUAL,RANDOMIZED,5,DRUG,PDC-1421 Capsule | placebo,2015-04-10,5,1438,exact_dates,False,0,,1,True,not_exactly_one_experimental_and_one_comparator_in_two_arms
NCT02431806,Safety and Efficacy of Levomilnacipran ER in Adolescent Participants With Major Depressive Disorder,Major Depressive Disorder,PHASE3,Forest Laboratories,INDUSTRY,QUADRUPLE,2019-08-19,2019,2,,4,False,,,,multiple_periods_review_needed;arm_mapping_review_needed,False,False,552,ACTUAL,RANDOMIZED,4,DRUG,Placebo | Levomilnacipran | Fluoxetine,2015-06-23,49,1518,exact_dates,True,,,1,True,unusable_period_counts_or_mapping
NCT02458690,eIMPACT Trial: Modernized Collaborative Care to Reduce the Excess CVD Risk of Older Depressed Patients,Depression | Major Depressive Disorder | Dysthymic Disorder | Depressive Symptoms | Cardiovascular Diseases | Heart Diseases | Coronary Artery Disease | Stroke,PHASE2,Indiana University,OTHER,SINGLE,2021-03,2021,1,Overall Study,2,True,216,199,0.07870370370370372,,True,False,216,ACTUAL,RANDOMIZED,2,BEHAVIORAL + DRUG + OTHER,Beating the Blues (BtB) | Problem Solving Treatment in Primary Care (PST-PC) | Antidepressant Medications | Usual Care,2015-07,1,,missing_partial_or_invalid_dates,False,0,,1,True,eligible_pair
NCT02461927,Ketamine for the Rapid Treatment of Major Depressive Disorder and Alcohol Use Disorder,Major Depressive Disorder | Alcohol Use Disorder,PHASE1 / PHASE2,VA Office of Research and Development,FED,QUADRUPLE,2023-10-30,2023,1,Overall Study,3,True,65,41,0.36923076923076925,,True,False,65,ACTUAL,RANDOMIZED,3,DRUG,Ketamine + Naltrexone | Ketamine + Placebo | Placebo (psychoactive placebo midazolam) + Placebo,2015-01-01,1,3224,exact_dates,False,0,,2,True,not_exactly_one_experimental_and_one_comparator_in_two_arms
NCT02473289,An Efficacy and Safety Study of Sirukumab in Participants With Major Depressive Disorder,"Depressive Disorder, Major",PHASE2,"Janssen Research & Development, LLC",INDUSTRY,DOUBLE,2018-05-22,2018,1,Overall Study,2,False,,,,arm_mapping_review_needed,False,False,193,ACTUAL,RANDOMIZED,2,DRUG,Sirukumab 50 mg | Placebo,2015-07-23,46,1034,exact_dates,False,,,1,True,unusable_period_counts_or_mapping
NCT02553915,Omega-3 Fatty Acids for Major Depressive Disorder With High Inflammation: A Personalized Approach,Major Depressive Disorder | Overweight | Inflammation,PHASE2 / PHASE3,Massachusetts General Hospital,OTHER,QUADRUPLE,2022-03-31,2022,1,Overall Study,4,True,61,50,0.180327868852459,,True,False,61,ACTUAL,RANDOMIZED,4,DRUG + OTHER,Placebo | EPA 1 g/day | EPA 2 g/day | EPA 4 g/day,2015-12,2,,missing_partial_or_invalid_dates,True,0,,3,True,not_exactly_one_experimental_and_one_comparator_in_two_arms
NCT02646449,Treatment of Young Adults With Comorbid AUD/MDD: A Pilot Medication Trial,Major Depressive Disorder | Alcohol Use Disorder,PHASE2,University of Pittsburgh,OTHER,TRIPLE,2016-12,2016,1,Overall Study,2,True,7,7,0.0,,True,False,11,ACTUAL,RANDOMIZED,2,DRUG,Mirtazapine | Placebo,2015-06,1,,missing_partial_or_invalid_dates,False,4,,2,True,not_exactly_one_experimental_and_one_comparator_in_two_arms
NCT02674529,Study of Neural Responses Induced by Antidepressant Effects,Major Depressive Disorder,PHASE2 / PHASE3,"Marta Peciña, MD PhD",OTHER,TRIPLE,2021-05,2021,1,Overall Study,2,True,54,46,0.14814814814814814,,True,False,60,ACTUAL,RANDOMIZED,2,BEHAVIORAL + DRUG,Escitalopram | Placebo | Real-time Neurofeedback fMRI task pre- and post-RCT,2016-09,1,,missing_partial_or_invalid_dates,True,6,,1,True,not_exactly_one_experimental_and_one_comparator_in_two_arms
NCT02709655,Active Reference (Fluoxetine) Fixed-dose Study of Vortioxetine in Paediatric Participants Aged 7 to 11 Years With Major Depressive Disorder (MDD),"Depressive Disorder, Major",PHASE3,H. Lundbeck A/S,INDUSTRY,DOUBLE,2022-01-21,2022,2,,5,False,,,,multiple_periods_review_needed;arm_mapping_review_needed,False,False,683,ACTUAL,RANDOMIZED,4,DRUG + OTHER,Vortioxetine 10 mg/day | Vortioxetine 20 mg/day | Fluoxetine 20mg/day | Placebo,2016-05-18,98,2074,exact_dates,True,,,1,True,unusable_period_counts_or_mapping
NCT02709746,Active Reference (Fluoxetine) Fixed-dose Study of Vortioxetine in Paediatric Patients Aged 12 to 17 Years With Major Depressive Disorder (MDD),"Depressive Disorder, Major",PHASE3,H. Lundbeck A/S,INDUSTRY,DOUBLE,2019-07-30,2019,2,,5,False,,,,multiple_periods_review_needed;arm_mapping_review_needed,False,False,784,ACTUAL,RANDOMIZED,4,DRUG + OTHER,Vortioxetine 10 mg/day | Vortioxetine 20 mg/day | Fluoxetine 20 mg/day | Placebo,2016-05,124,,missing_partial_or_invalid_dates,True,,,1,True,unusable_period_counts_or_mapping
NCT02720198,Levomilnacipran ER vs. Adjunctive Quetiapine for Adults With Inadequate Relief With SSRIs in MDD,Major Depressive Disorder,PHASE3,Duke University,OTHER,TRIPLE,2018-06-12,2018,1,Overall Study,2,True,60,59,0.01666666666666672,,True,False,60,ACTUAL,RANDOMIZED,2,DRUG,Levomilnacipran | Quetiapine,2017-01-23,1,505,exact_dates,True,0,,1,True,not_exactly_one_experimental_and_one_comparator_in_two_arms
NCT02914769,Antidepressant Effects of Ayahuasca: a Randomized Placebo Controlled Trial in Treatment Resistant Depression,Major Depression,PHASE1 / PHASE2,Universidade Federal do Rio Grande do Norte,OTHER,TRIPLE,2016-12,2016,1,Overall Study,2,True,35,29,0.17142857142857137,,True,False,35,ACTUAL,RANDOMIZED,2,DRUG,Ayahuasca | placebo,2014-02,1,,missing_partial_or_invalid_dates,False,0,,1,True,eligible_pair
NCT02932943,A Study of Rapastinel as Adjunctive Therapy in Major Depressive Disorder (RAP-MD-01),"Depressive Disorder, Major",PHASE3,"Naurex, Inc, an affiliate of Allergan plc",INDUSTRY,QUADRUPLE,2018-11-08,2018,1,Overall Study,2,True,458,446,0.026200873362445365,,True,False,465,ACTUAL,RANDOMIZED,2,DRUG,Rapastinel | Placebo,2016-10-15,31,754,exact_dates,True,7,,1,True,eligible_pair
NCT02943564,A Study of Rapastinel as Adjunctive Therapy in Major Depressive Disorder (RAP-MD-02),"Depressive Disorder, Major",PHASE3,"Naurex, Inc, an affiliate of Allergan plc",INDUSTRY,QUADRUPLE,2018-12-18,2018,1,Overall Study,3,True,638,606,0.050156739811912265,,True,False,658,ACTUAL,RANDOMIZED,3,DRUG,Rapastinel | Placebo,2016-11-01,66,777,exact_dates,True,20,,1,True,not_exactly_one_experimental_and_one_comparator_in_two_arms
NCT02943577,A Study of Rapastinel as Adjunctive Therapy in Major Depressive Disorder (RAP-MD-03),"Depressive Disorder, Major",PHASE3,"Naurex, Inc, an affiliate of Allergan plc",INDUSTRY,QUADRUPLE,2018-11-21,2018,1,Overall Study,2,True,415,405,0.02409638554216864,,True,False,429,ACTUAL,RANDOMIZED,2,DRUG,Rapastinel | Placebo,2016-11-02,40,749,exact_dates,True,14,,1,True,eligible_pair
NCT02951988,A Study of Rapastinel as Adjunctive Therapy in the Prevention of Relapse in Patients With Major Depressive Disorder,"Depressive Disorder, Major",PHASE3,"Naurex, Inc, an affiliate of Allergan plc",INDUSTRY,TRIPLE,2019-02-22,2019,2,,4,False,,,,multiple_periods_review_needed;arm_mapping_review_needed,False,False,1304,ACTUAL,RANDOMIZED,3,DRUG,Rapastinel | Placebo-matching Rapastinel,2016-11-13,137,831,exact_dates,True,,,2,True,unusable_period_counts_or_mapping
NCT03000530,A Study to Evaluate SAGE-217 in Participants With Moderate to Severe Major Depressive Disorder,Major Depression,PHASE2,Biogen,INDUSTRY,QUADRUPLE,2017-11-08,2017,1,Overall Study,3,True,102,93,0.08823529411764708,,True,False,102,ACTUAL,RANDOMIZED,3,DRUG,SAGE-217 | Placebo,2016-12-07,8,336,exact_dates,False,0,,52,True,not_exactly_one_experimental_and_one_comparator_in_two_arms
NCT03018340,Study to Evaluate the Efficacy and Safety of Adjunctive Pimavanserin in Major Depressive Disorder (CLARITY),Adjunctive Treatment of Major Depressive Disorder,PHASE2,ACADIA Pharmaceuticals Inc.,INDUSTRY,QUADRUPLE,2018-10,2018,1,Overall Study,2,True,207,169,0.18357487922705318,,True,False,207,ACTUAL,RANDOMIZED,2,DRUG + OTHER,Pimavanserin | Placebo,2016-12,36,,missing_partial_or_invalid_dates,False,0,,1,True,eligible_pair
NCT03039192,"54135419SUI3001: A Study to Evaluate the Efficacy and Safety of Intranasal Esketamine in Addition to Comprehensive Standard of Care for the Rapid Reduction of the Symptoms of Major Depressive Disorder, Including Suicidal Ideation, in Adult Participants Assessed to be at Imminent Risk for Suicide","Depressive Disorder, Major",PHASE3,"Janssen Research & Development, LLC",INDUSTRY,DOUBLE,2018-12-18,2018,1,Overall Study,2,False,,,,arm_mapping_review_needed,False,False,226,ACTUAL,RANDOMIZED,2,DRUG + OTHER,Esketamine | Placebo | Standard of Care,2017-06-09,56,557,exact_dates,True,,,1,True,unusable_period_counts_or_mapping
NCT03051256,"Safety, Tolerability, PK Profile, and Symptom Response of a 7-Day Dosing With 25 mg or 50 mg Daily of REL-1017 in MDD","Depressive Disorder, Major | Depressive Disorder, Treatment-Resistant",PHASE2,"Relmada Therapeutics, Inc.",INDUSTRY,TRIPLE,2019-09-30,2019,1,Overall Study,3,True,62,61,0.016129032258064502,,True,False,62,ACTUAL,RANDOMIZED,3,DRUG,REL-1017 | Placebo,2018-05-11,10,507,exact_dates,False,0,,1,True,not_exactly_one_experimental_and_one_comparator_in_two_arms
NCT03097133,"54135419SUI3002: A Study to Evaluate the Efficacy and Safety of Intranasal Esketamine in Addition to Comprehensive Standard of Care for the Rapid Reduction of the Symptoms of Major Depressive Disorder, Including Suicidal Ideation, in Adult Participants Assessed to be at Imminent Risk for Suicide","Depressive Disorder, Major",PHASE3,"Janssen Research & Development, LLC",INDUSTRY,DOUBLE,2019-04-11,2019,1,Overall Study,2,False,,,,arm_mapping_review_needed,False,False,230,ACTUAL,RANDOMIZED,2,DRUG + OTHER,Esketamine | Placebo | Standard of Care,2017-06-15,61,665,exact_dates,True,,,2,True,unusable_period_counts_or_mapping
NCT03113968,ELEKT-D: Electroconvulsive Therapy (ECT) vs. Ketamine in Patients With Treatment Resistant Depression (TRD),Treatment Resistant Depression | Electroconvulsive Therapy | ECT | Ketamine | Psychiatric Disorder | Depression | Major Depressive Disorder | Major Depressive Episode | Unipolar Depression,PHASE2 / PHASE3,Bo Hu,OTHER,NONE,2022-11-17,2022,1,Overall Study,2,True,403,368,0.08684863523573205,,True,False,403,ACTUAL,RANDOMIZED,2,DRUG + PROCEDURE,electroconvulsive therapy (ECT) | Ketamine,2017-04-07,5,2050,exact_dates,True,0,,1,True,not_exactly_one_experimental_and_one_comparator_in_two_arms
NCT03181529,Effects of Psilocybin in Major Depressive Disorder,Major Depressive Disorder,PHASE2,Johns Hopkins University,OTHER,SINGLE,2020-12-02,2020,1,Overall Study,2,True,27,24,0.11111111111111116,,True,False,27,ACTUAL,RANDOMIZED,2,DRUG,Psilocybin,2017-08-10,1,1210,exact_dates,False,0,,1,True,not_exactly_one_experimental_and_one_comparator_in_two_arms
NCT03185819,"Study to Evaluate the Efficacy and Safety of 3 Fixed Doses of Intranasal Esketamine in Addition to Comprehensive Standard of Care for the Rapid Reduction of the Symptoms of Major Depressive Disorder, Including Suicidal Ideation, in Pediatric Participants Assessed to be at Imminent Risk for Suicide","Depressive Disorder, Major",PHASE2,"Janssen Research & Development, LLC",INDUSTRY,DOUBLE,2023-03-31,2023,2,,4,False,,,,multiple_periods_review_needed;arm_mapping_review_needed,False,False,147,ACTUAL,RANDOMIZED,4,DRUG,Intranasal Placebo | Midazolam Placebo Solution | Midazolam | Esketamine | Esketamine | Esketamine,2017-10-05,51,2003,exact_dates,False,,,1,True,unusable_period_counts_or_mapping
NCT03188185,A Study of ALKS 5461 for Treatment Refractory Major Depressive Disorder (MDD),Major Depressive Disorder,PHASE3,"Alkermes, Inc.",INDUSTRY,QUADRUPLE,2020-03-05,2020,2,,4,False,,,,multiple_periods_review_needed;arm_mapping_review_needed,False,False,278,ACTUAL,RANDOMIZED,2,DRUG,ALKS 5461 | ALKS 5461 Placebo,2017-06-12,35,997,exact_dates,True,,,1,True,unusable_period_counts_or_mapping
NCT03193398,BTRX-246040 Administered Once Daily to Patients With Major Depressive Disorder,Major Depressive Disorder,PHASE2,"BlackThorn Therapeutics, Inc.",INDUSTRY,QUADRUPLE,2018-12-12,2018,1,Overall Study,2,True,104,73,0.29807692307692313,,True,False,104,ACTUAL,RANDOMIZED,2,DRUG,BTRX-246040 oral capsule(s) | Placebo oral capsule(s),2017-06-12,8,548,exact_dates,False,0,,1,True,eligible_pair
NCT03227224,A Study to Evaluate the Efficacy and Safety of JNJ-42847922 as Adjunctive Therapy to Antidepressants in Adult Participants With Major Depressive Disorder Who Have Responded Inadequately to Antidepressant Therapy,"Depressive Disorder, Major",PHASE2,"Janssen Research & Development, LLC",INDUSTRY,DOUBLE,2019-01-19,2019,2,,4,False,,,,multiple_periods_review_needed;arm_mapping_review_needed,False,False,287,ACTUAL,RANDOMIZED,2,DRUG,Placebo | JNJ-42847922,2017-08-16,101,521,exact_dates,False,,,23,True,unusable_period_counts_or_mapping
NCT03321526,"A Study to Compare the Efficacy, Safety, and Tolerability of JNJ-42847922 Versus Quetiapine Extended-Release as Adjunctive Therapy to Antidepressants in Adult Participants With Major Depressive Disorder Who Have Responded Inadequately to Antidepressant Therapy","Depressive Disorder, Major",PHASE2,"Janssen Research & Development, LLC",INDUSTRY,DOUBLE,2019-06-27,2019,2,,2,False,,,,multiple_periods_review_needed;arm_mapping_review_needed,False,False,107,ACTUAL,RANDOMIZED,2,DRUG,JNJ-42847922 | Placebo Matching to JNJ-42847922 | Quetiapine XR | Placebo Matching to Quetiapine XR | Selective Serotonin Reuptake Inhibitor (SSRI) | Serotonin-Norepinephrine Reuptake Inhibitor (SNRI),2017-12-12,50,562,exact_dates,False,,,1,False,unusable_period_counts_or_mapping
NCT03429075,Psilocybin vs Escitalopram for Major Depressive Disorder: Comparative Mechanisms,"Depressive Disorder, Major",PHASE2,Imperial College London,OTHER,DOUBLE,2020-10-17,2020,1,Overall Study,2,True,59,59,0.0,,True,False,59,ACTUAL,RANDOMIZED,2,DRUG,Psilocybin + Placebo | Psilocybin + Escitalopram,2019-01-07,1,649,exact_dates,False,0,,2,True,eligible_pair
NCT03433339,Spinal Cord Stimulation for the Treatment of Major Depressive Disorder,Major Depressive Disorder,PHASE1 / PHASE2,University of Cincinnati,OTHER,QUADRUPLE,2022-09-13,2022,1,Overall Study,2,True,20,14,0.30000000000000004,,True,False,20,ACTUAL,RANDOMIZED,2,DEVICE,Active transcutaneous spinal direct current stimulation | Sham transcutaneous spinal direct current stimulation,2018-08-29,1,1476,exact_dates,False,0,,1,True,eligible_pair
NCT03446846,A Study to Evaluate the Efficacy and Safety of MIN-117 in Adult Patients With Major Depressive Disorder,Major Depressive Disorder,PHASE2,Minerva Neurosciences,INDUSTRY,DOUBLE,2019-12-13,2019,1,Overall Study,3,True,360,332,0.07777777777777772,,True,False,360,ACTUAL,RANDOMIZED,3,DRUG,MIN-117 5.0 mg | MIN-117 2.5 mg | Placebo,2018-03-30,47,623,exact_dates,False,0,,1,True,not_exactly_one_experimental_and_one_comparator_in_two_arms
NCT03538691,"A Trial to Evaluate the Efficacy, Safety & Tolerability of Brexpiprazole in the Maintenance Treatment of Adults With Major Depressive Disorder",Major Depressive Disorder,PHASE3,"Otsuka Pharmaceutical Development & Commercialization, Inc.",INDUSTRY,TRIPLE,2022-07-29,2022,3,,4,True,,,,multiple_periods_review_needed,False,False,1149,ACTUAL,RANDOMIZED,4,DRUG,Brexpiprazole | Antidepressant therapy,2018-07-13,1,1477,exact_dates,True,,,1,True,unusable_period_counts_or_mapping
NCT03559192,A Study to Explore the Efficacy of JNJ-67953964 in the Treatment of Depression,"Depressive Disorder, Major",PHASE2,"Janssen Research & Development, LLC",INDUSTRY,DOUBLE,2020-05-06,2020,2,,3,False,,,,multiple_periods_review_needed;arm_mapping_review_needed,False,False,181,ACTUAL,RANDOMIZED,3,DRUG,JNJ-67953964 | Placebo,2018-07-16,53,660,exact_dates,False,,,1,True,unusable_period_counts_or_mapping
NCT03569475,"Efficacy, Safety, and Tolerability of Levomilnacipran ER in Pediatric Patients (7-17 Years) With Major Depressive Disorder",Major Depressive Disorder,PHASE3,Allergan,INDUSTRY,QUADRUPLE,2021-03-01,2021,2,,3,True,,,,multiple_periods_review_needed,False,False,501,ACTUAL,RANDOMIZED,3,DRUG,Levomilnacipran ER | Fluoxetine | Placebo,2018-07-06,51,969,exact_dates,True,,,1,True,unusable_period_counts_or_mapping
NCT03586427,Zelquistinel in the Treatment of Major Depressive Disorder,"Depressive Disorder, Major",PHASE2,"Syndeio Biosciences, Inc",INDUSTRY,QUADRUPLE,2019-08-21,2019,1,Overall Study,5,True,251,232,0.07569721115537853,,True,False,251,ACTUAL,RANDOMIZED,5,DRUG,AGN-241751 | Placebo,2018-06-13,25,434,exact_dates,False,0,,1,True,not_exactly_one_experimental_and_one_comparator_in_two_arms
NCT03595579,Assessing Symptomatic Clinical Episodes in Depression,Major Depressive Disorder,PHASE2,"Axsome Therapeutics, Inc.",INDUSTRY,QUADRUPLE,2019-01-07,2019,1,Overall Study,2,True,97,73,0.24742268041237114,,True,False,97,ACTUAL,RANDOMIZED,2,DRUG,AXS-05 | Bupropion,2018-05-30,4,222,exact_dates,False,0,,1,True,eligible_pair
NCT03672175,A Study to Evaluate the Efficacy of SAGE-217 in the Treatment of Adult Participants With Major Depressive Disorder,Major Depressive Disorder,PHASE3,Biogen,INDUSTRY,QUADRUPLE,2020-03-17,2020,3,,3,True,,,,multiple_periods_review_needed,False,False,581,ACTUAL,RANDOMIZED,3,DRUG,SAGE-217 | Placebo,2018-11-19,53,484,exact_dates,True,,,1,True,unusable_period_counts_or_mapping
NCT03697603,A Study of Brexpiprazole in Patients With Major Depressive Disorder,Major Depressive Disorder,PHASE2 / PHASE3,"Otsuka Pharmaceutical Co., Ltd.",INDUSTRY,DOUBLE,2022-07-04,2022,1,Overall Study,3,False,,,,arm_mapping_review_needed,False,False,740,ACTUAL,RANDOMIZED,3,DRUG,Brexpiprazole | Placebo,2018-07-30,1,1435,exact_dates,True,,,1,True,unusable_period_counts_or_mapping
NCT03726658,Zelquistinel in the Treatment of Adults With Major Depressive Disorder,Major Depressive Disorder,PHASE1 / PHASE2,"Syndeio Biosciences, Inc",INDUSTRY,DOUBLE,2019-10-23,2019,1,Overall Study,7,False,,,,arm_mapping_review_needed,False,False,226,ACTUAL,RANDOMIZED,4,DRUG,AGN-241751 | Placebo,2018-11-08,5,349,exact_dates,False,,,2,True,unusable_period_counts_or_mapping
NCT03738215,"Efficacy, Safety and Tolerability of Cariprazine as an Adjunctive Treatment to Antidepressant Therapy (ADT) in Patients With Major Depressive Disorder (MDD) Who Have Had an Inadequate Response to Antidepressants Alone",Major Depressive Disorder,PHASE3,AbbVie,INDUSTRY,DOUBLE,2021-09-30,2021,2,,3,True,,,,multiple_periods_review_needed,False,False,759,ACTUAL,RANDOMIZED,3,DRUG,Cariprazine | Placebo,2018-11-09,125,1056,exact_dates,True,,,1,True,unusable_period_counts_or_mapping
NCT03739203,"The Objective of This Study is to Evaluate the Efficacy, Safety and Tolerability of Cariprazine as an Adjunctive Treatment to Antidepressant Therapy (ADT) in Patients With Major Depressive Disorder (MDD) Who Have Had an Inadequate Response to Antidepressants Alone",Major Depressive Disorder,PHASE3,AbbVie,INDUSTRY,DOUBLE,2021-09-06,2021,2,,3,True,,,,multiple_periods_review_needed,False,False,752,ACTUAL,RANDOMIZED,3,DRUG,Cariprazine | Placebo | Antidepressant Therapy (ADT),2018-11-10,112,1031,exact_dates,True,,,1,True,unusable_period_counts_or_mapping
NCT03866174,A Study of Psilocybin for Major Depressive Disorder (MDD),"Depressive Disorder, Major",PHASE2,Usona Institute,OTHER,TRIPLE,2022-06-28,2022,1,Overall Study,2,True,104,92,0.11538461538461542,,True,False,347,ACTUAL,RANDOMIZED,2,DRUG + OTHER,Psilocybin | Niacin | Set and Setting (SaS) Protocol,2020-01-23,11,887,exact_dates,False,243,,1,True,eligible_pair
NCT03968159,Adjunctive Pimavanserin in Subjects With Major Depressive Disorder and Inadequate Response to Antidepressant Treatment,Adjunctive Treatment of Major Depressive Disorder,PHASE3,ACADIA Pharmaceuticals Inc.,INDUSTRY,QUADRUPLE,2020-05-29,2020,1,Overall Study,2,False,,,,arm_mapping_review_needed,False,False,298,ACTUAL,RANDOMIZED,2,DRUG,Pimavanserin | Placebo,2019-04-25,85,400,exact_dates,True,,,1,True,unusable_period_counts_or_mapping
NCT04019704,A Trial of AXS-05 in Patients With Major Depressive Disorder,Depression | Major Depressive Disorder,PHASE3,"Axsome Therapeutics, Inc.",INDUSTRY,QUADRUPLE,2019-12-05,2019,1,Overall Study,2,True,327,270,0.17431192660550454,,True,False,327,ACTUAL,RANDOMIZED,2,DRUG,AXS-05 | Placebo,2019-06-20,43,168,exact_dates,True,0,,1,True,eligible_pair
NCT04080752,A Study of JNJ-61393215 in the Treatment of Depression,Major Depressive Disorder With Anxious Distress,PHASE2,"Janssen Research & Development, LLC",INDUSTRY,DOUBLE,2021-09-02,2021,1,Overall Study,2,False,,,,arm_mapping_review_needed,False,False,222,ACTUAL,RANDOMIZED,2,DRUG,JNJ-61393215 | Placebo,2019-09-17,35,716,exact_dates,False,,,1,True,unusable_period_counts_or_mapping
NCT04103892,A Study of CLE-100 (Oral Esketamine) in Addition to Standard Antidepressant Drug for Major Depressive Disorder - CLEO Study,Adjunctive Treatment of Major Depressive Disorder,PHASE2,Clexio Biosciences Ltd.,INDUSTRY,DOUBLE,2022-10-05,2022,1,Overall Study,4,True,146,129,0.11643835616438358,,True,False,146,ACTUAL,RANDOMIZED,4,DRUG,CLE-100 | placebo,2019-09-05,46,1126,exact_dates,False,0,,1,True,not_exactly_one_experimental_and_one_comparator_in_two_arms
NCT04116528,Opiate Suicide Study in Patients With Major Depression,Major Depressive Disorder,PHASE3,Stanford University,OTHER,QUADRUPLE,2025-04-28,2025,1,Overall Study,2,False,,,,arm_mapping_review_needed,False,False,50,ACTUAL,RANDOMIZED,2,DRUG,Buprenorphine | Placebo,2020-08-01,1,1731,exact_dates,True,,,1,True,unusable_period_counts_or_mapping
NCT04221230,Study in Major Depressive Disorder With NMRA-335140 (BTRX-335140) vs Placebo,Major Depressive Disorder,PHASE2,"Neumora Therapeutics, Inc.",INDUSTRY,TRIPLE,2022-06-23,2022,1,Overall Study,2,False,,,,arm_mapping_review_needed,False,False,204,ACTUAL,RANDOMIZED,2,DRUG,NMRA-335140 | Placebo,2020-01-03,38,902,exact_dates,False,,,1,True,unusable_period_counts_or_mapping
NCT04244253,A Phase 2 Trial of OPC-64005 for Major Depressive Disorder,Major Depressive Disorder,PHASE2,"Otsuka Pharmaceutical Co., Ltd.",INDUSTRY,QUADRUPLE,2022-02-25,2022,1,Overall Study,3,False,,,,arm_mapping_review_needed,False,False,273,ACTUAL,RANDOMIZED,3,DRUG,"OPC-64005 20 mg , Once-daily | OPC-64005 10 mg , Once-daily | Placebo, Once-daily",2020-03-03,1,724,exact_dates,False,,,1,True,unusable_period_counts_or_mapping
NCT04338321,"A Long-term Comparison of Esketamine Nasal Spray Versus Quetiapine Extended Release, Both in Combination With a Selective Serotonin Reuptake Inhibitor/Serotonin-Norepinephrine Reuptake Inhibitor, in Participants With Treatment Resistant Major Depressive Disorder","Depressive Disorder, Major",PHASE3,Janssen-Cilag International NV,INDUSTRY,NONE,2022-07-15,2022,1,Overall Study,2,False,,,,arm_mapping_review_needed,False,False,676,ACTUAL,RANDOMIZED,2,DRUG,Esketamine 28 mg | Esketamine 56 mg | Esketamine 84 mg | Quetiapine XR 50 mg | Quetiapine XR 100 mg | Quetiapine XR 150 mg | SSRI/SNRI,2020-08-21,171,693,exact_dates,True,,,1,True,unusable_period_counts_or_mapping
NCT04345471,A Study of MD-120 in Patients With Depression,Major Depressive Disorder,PHASE3,"Mochida Pharmaceutical Company, Ltd.",INDUSTRY,QUADRUPLE,2022-09-14,2022,1,Overall Study,3,True,615,566,0.07967479674796751,,True,False,615,ACTUAL,RANDOMIZED,3,DRUG,Desvenlafaxine 100 mg | Desvenlafaxine 50 mg | Placebo,2020-05-18,1,849,exact_dates,True,0,,2,True,not_exactly_one_experimental_and_one_comparator_in_two_arms
NCT04395183,5-HTP and Creatine for Depression,Major Depressive Disorder,PHASE2,University of Utah,OTHER,DOUBLE,2024-03-01,2024,1,Overall Study,4,True,43,38,0.11627906976744184,,True,False,43,ACTUAL,RANDOMIZED,4,DRUG,5-Hydroxytryptophan 100 MG | Creatine monohydrate | placebo matched to 5-HTP | Placebo,2021-03-01,1,1096,exact_dates,False,0,,1,True,not_exactly_one_experimental_and_one_comparator_in_two_arms
NCT04437485,eIMPACT-DM Pilot Trial: Depression Treatment to Reduce Diabetes Risk,Depression | Major Depressive Disorder | Dysthymic Disorder | Depressive Symptoms | Type 2 Diabetes | PreDiabetes | Insulin Resistance,PHASE2,Indiana University,OTHER,SINGLE,2022-08-29,2022,1,Overall Study,2,True,46,39,0.15217391304347827,,True,False,46,ACTUAL,RANDOMIZED,2,BEHAVIORAL + DRUG + OTHER,Good Days Ahead (GDA) | Problem Solving Treatment in Primary Care (PST-PC) | Antidepressant Medications | Active Control,2020-10-14,1,684,exact_dates,False,0,,1,True,eligible_pair
NCT04442490,A Study to Evaluate the Efficacy of Sage-217 in the Treatment of Adult Participants With Major Depressive Disorder (MDD),"Depressive Disorder, Major",PHASE3,Biogen,INDUSTRY,QUADRUPLE,2021-04-21,2021,1,Overall Study,2,True,543,477,0.12154696132596687,,True,False,543,ACTUAL,RANDOMIZED,2,DRUG,SAGE-217 | Placebo,2020-05-12,39,344,exact_dates,True,0,,1,True,eligible_pair
NCT04476030,A Comparative Study of Sage-217 Plus an Antidepressant (ADT) Versus Placebo Plus an ADT in Adults With Major Depressive Disorder,"Depressive Disorder, Major",PHASE3,Biogen,INDUSTRY,QUADRUPLE,2021-12-22,2021,1,Overall Study,2,True,440,357,0.1886363636363636,,True,False,440,ACTUAL,RANDOMIZED,2,DRUG,SAGE-217 | Matching Placebo | Sertraline | Escitalopram | Citalopram | Duloxetine | Desvenlafaxine,2020-11-09,51,408,exact_dates,True,0,,1,True,eligible_pair
NCT04479852,A Study of the Safety and Efficacy of SP-624 in the Treatment of Adults With Major Depressive Disorder,Major Depressive Disorder,PHASE2,"Sirtsei Pharmaceuticals, Inc.",INDUSTRY,QUADRUPLE,2022-08-09,2022,1,Overall Study,2,True,319,263,0.17554858934169282,,True,False,319,ACTUAL,RANDOMIZED,2,DRUG,SP-624 | Placebo,2020-09-30,39,678,exact_dates,False,0,,1,True,eligible_pair
NCT04504253,A Pilot Study of Creatine Monohydrate as an Augmenting Agent for ECT in Persons With Major Depressive Disorder,Major Depressive Disorder,PHASE3,University of Utah,OTHER,QUADRUPLE,2023-08-02,2023,1,Overall Study,2,True,18,12,0.33333333333333337,,True,False,18,ACTUAL,RANDOMIZED,2,DIETARY_SUPPLEMENT + DRUG,Creatine monohydrate | Placebo,2020-08-03,1,1094,exact_dates,True,0,,1,True,eligible_pair
NCT04521478,A Study to Test the Effect of Different Doses of BI 1358894 and Quetiapine in People With Depression,"Depressive Disorder, Major",PHASE2,Boehringer Ingelheim,INDUSTRY,DOUBLE,2024-02-02,2024,1,Overall Study,6,True,389,340,0.12596401028277637,,True,False,389,ACTUAL,RANDOMIZED,6,DRUG,BI 1358894 | Placebo | Quetiapine,2020-11-20,120,1169,exact_dates,False,0,,1,True,not_exactly_one_experimental_and_one_comparator_in_two_arms
NCT04533529,A Study of Seltorexant as Adjunctive Therapy to Antidepressants in Adult and Elderly Participants With Major Depressive Disorder With Insomnia Symptoms Who Have Responded Inadequately to Antidepressant and Long-term Safety Extension Treatment With Seltorexant,"Depressive Disorder, Major",PHASE3,"Janssen Research & Development, LLC",INDUSTRY,DOUBLE,2024-04-30,2024,4,,8,False,,,,multiple_periods_review_needed;arm_mapping_review_needed,False,False,588,ACTUAL,RANDOMIZED,2,DRUG,Seltorexant | Placebo,2020-09-16,122,1322,exact_dates,True,,,16,True,unusable_period_counts_or_mapping
NCT04688164,A Study to Assess the Efficacy and Safety of REL-1017 as Adjunctive Treatment for Major Depressive Disorder (MDD),Major Depressive Disorder,PHASE3,"Relmada Therapeutics, Inc.",INDUSTRY,QUADRUPLE,2022-11-10,2022,1,Overall Study,2,True,227,205,0.09691629955947134,,True,False,227,ACTUAL,RANDOMIZED,2,DRUG,REL-1017 | Placebo,2021-01-08,11,671,exact_dates,True,0,,1,True,eligible_pair
NCT04985942,Clinical Trial of Lumateperone as Adjunctive Therapy in the Treatment of Patients With Major Depressive Disorder,Major Depressive Disorder,PHASE3,"Intra-Cellular Therapies, Inc.",INDUSTRY,TRIPLE,2024-02-27,2024,1,Overall Study,2,True,484,452,0.06611570247933884,,True,False,485,ACTUAL,RANDOMIZED,2,DRUG,Lumateperone | Placebo,2021-07-30,54,942,exact_dates,True,1,,1,True,eligible_pair
NCT05061706,Multicenter Study of Lumateperone as Adjunctive Therapy in the Treatment of Patients With Major Depressive Disorder,Major Depressive Disorder,PHASE3,"Intra-Cellular Therapies, Inc.",INDUSTRY,TRIPLE,2024-04-12,2024,1,Overall Study,2,True,480,429,0.10624999999999996,,True,False,480,ACTUAL,RANDOMIZED,2,DRUG,Lumateperone | Placebo,2021-09-30,50,925,exact_dates,True,0,,1,True,eligible_pair
NCT05081167,A Study to Assess the Efficacy and Safety of REL-1017 as Monotherapy for Major Depressive Disorder (MDD),Major Depressive Disorder,PHASE3,"Relmada Therapeutics, Inc.",INDUSTRY,QUADRUPLE,2022-09-14,2022,1,Overall Study,2,True,232,210,0.09482758620689657,,True,False,232,ACTUAL,RANDOMIZED,2,DRUG,REL-1017 | Placebo,2021-06-02,10,469,exact_dates,True,0,,1,True,eligible_pair
NCT05165394,Study to Evaluate the Efficacy and Safety of Once-Weekly Oral NBI-1065846 in the Treatment of Anhedonia in MDD,Anhedonia | Major Depressive Disorder,PHASE2,Neurocrine Biosciences,INDUSTRY,QUADRUPLE,2023-09-13,2023,1,Overall Study,2,False,,,,arm_mapping_review_needed,False,False,93,ACTUAL,RANDOMIZED,2,DRUG,Placebo | NBI-1065846,2021-11-30,23,652,exact_dates,False,,,1,True,unusable_period_counts_or_mapping
NCT05455684,A Study of Aticaprant as Adjunctive Therapy in Adult Participants With Major Depressive Disorder (MDD) With Moderate-to-severe Anhedonia and Inadequate Response to Current Antidepressant Therapy,"Depressive Disorder, Major | Anhedonia",PHASE3,"Janssen Research & Development, LLC",INDUSTRY,DOUBLE,2024-09-18,2024,1,Overall Study,2,False,,,,arm_mapping_review_needed,False,False,513,ACTUAL,RANDOMIZED,2,DRUG + OTHER,Aticaprant | Placebo,2022-06-22,120,819,exact_dates,True,,,1,True,unusable_period_counts_or_mapping
NCT05550532,A Study of Aticaprant 10 Milligrams (mg) as Adjunctive Therapy in Adult Participants With MDD With Moderate-to-severe Anhedonia and Inadequate Response to Current Antidepressant Therapy,"Depressive Disorder, Major | Anhedonia",PHASE3,"Janssen Research & Development, LLC",INDUSTRY,DOUBLE,2024-11-13,2024,1,Overall Study,2,False,,,,arm_mapping_review_needed,False,False,444,ACTUAL,RANDOMIZED,2,DRUG + OTHER,Aticaprant | Placebo,2022-12-06,131,708,exact_dates,True,,,1,True,unusable_period_counts_or_mapping
NCT05680727,Individualized Functional Connectivity Targeting in aiTBS for Depression,"Depressive Disorder, Major | Depression | Mood Disorders | Mental Disorder | Psychiatric Disorder",PHASE2,Brigham and Women's Hospital,OTHER,TRIPLE,2026-02-17,2026,1,Overall Study,2,False,,,,arm_mapping_review_needed,False,False,40,ACTUAL,RANDOMIZED,2,PROCEDURE,transcranial magnetic stimulation,2023-07-15,1,948,exact_dates,False,,,1,True,unusable_period_counts_or_mapping
NCT05686408,Study to Evaluate TNX-601 ER Monotherapy Versus Placebo in Patients With Major Depressive Disorder (MDD),"Depression | Depressive Disorder | Depressive Symptoms | Depressive Disorder, Major | Depressive Episode | Depression Severe",PHASE2,"Tonix Pharmaceuticals, Inc.",INDUSTRY,QUADRUPLE,2023-09-29,2023,1,Overall Study,2,True,132,111,0.15909090909090906,,True,False,132,ACTUAL,RANDOMIZED,2,DRUG,TNX-601 ER | Placebo,2023-03-02,27,211,exact_dates,False,0,,1,True,eligible_pair
NCT06126497,Study Evaluating Safety and Efficacy of Ropanicant in MDD Patients,Major Depressive Disorder,PHASE2,Suven Life Sciences Limited,INDUSTRY,NONE,2024-07-19,2024,1,Overall Study,3,False,,,,arm_mapping_review_needed,False,False,41,ACTUAL,RANDOMIZED,3,DRUG,Ropanicant,2024-02-05,10,165,exact_dates,False,,,1,True,unusable_period_counts_or_mapping
NCT06280235,A Study to Test Different Doses of BI 1569912 in People With Depression Who Take Anti-depressive Medicine,"Depressive Disorder, Major",PHASE2,Boehringer Ingelheim,INDUSTRY,QUADRUPLE,2025-03-28,2025,1,Overall Study,4,True,243,224,0.07818930041152261,,True,False,243,ACTUAL,RANDOMIZED,4,DRUG,BI 1569912 | Placebo,2024-03-27,52,366,exact_dates,False,0,,1,True,not_exactly_one_experimental_and_one_comparator_in_two_arms
NCT06340958,A Study of CLE-100 (Oral Esketamine) as an Adjunctive Treatment to Standard Antidepressants for Major Depressive Disorder,Adjunctive Treatment of Major Depressive Disorder (MDD),PHASE2,Clexio Biosciences Ltd.,INDUSTRY,DOUBLE,2025-11-25,2025,1,Overall Study,2,True,99,82,0.1717171717171717,,True,False,99,ACTUAL,RANDOMIZED,2,DRUG,CLE-100 | Placebo,2024-03-18,23,617,exact_dates,False,0,,1,True,eligible_pair
NCT06558344,A Study to Test Different Doses of BI 1569912 in People With Depression,"Depressive Disorder, Major",PHASE2,Boehringer Ingelheim,INDUSTRY,DOUBLE,2025-05-12,2025,1,Overall Study,4,True,225,193,0.14222222222222225,,True,False,225,ACTUAL,RANDOMIZED,4,DRUG,5 mg BI 1569912 | Placebo matching BI 1569912 | 10 mg BI 1569912 | 20 mg of BI 1569912,2024-10-01,41,223,exact_dates,False,0,,1,True,not_exactly_one_experimental_and_one_comparator_in_two_arms
