variable,cohort,total,present,missing,percent_present
enrollment,eligible,201,201,0,100.0
enrollment,usable,82,82,0,100.0
started,eligible,201,82,119,40.79601990049751
started,usable,82,82,0,100.0
completed,eligible,201,82,119,40.79601990049751
completed,usable,82,82,0,100.0
completion_year,eligible,201,193,8,96.01990049751244
completion_year,usable,82,80,2,97.5609756097561
calendar_span_days,eligible,201,87,114,43.28358208955224
calendar_span_days,usable,82,39,43,47.5609756097561
intervention_types,eligible,201,201,0,100.0
intervention_types,usable,82,82,0,100.0
sponsor_class,eligible,201,201,0,100.0
sponsor_class,usable,82,82,0,100.0
masking,eligible,201,201,0,100.0
masking,usable,82,82,0,100.0
allocation,eligible,201,201,0,100.0
allocation,usable,82,82,0,100.0
protocol_arm_count,eligible,201,200,1,99.50248756218906
protocol_arm_count,usable,82,82,0,100.0
phase,eligible,201,201,0,100.0
phase,usable,82,82,0,100.0
site_count,eligible,201,192,9,95.5223880597015
site_count,usable,82,79,3,96.34146341463415
number_randomized,eligible,201,0,201,0.0
number_randomized,usable,82,0,82,0.0
